spot_id,x,y
AAACAAGTATCTCCCA-1,16265,19934
AAACACCAATAACTGC-1,18526,7893
AAACAGAGCGACTCCT-1,7178,18782
AAACAGCTTTCAGAAG-1,14487,6446
AAACAGGGTCTATATT-1,15497,7025
AAACCGGGTAGGTACC-1,14237,9202
AAACCGTTCGTCCAGG-1,16762,11230
AAACCTAAGCAGCCGG-1,20049,17175
AAACCTCATGAAGTTG-1,12973,7898
AAACGAGACGGTTGAT-1,12477,16601
AAACGGTTGCGAACTG-1,20551,13693
AAACTCGGTTCGCAAT-1,20300,15289
AAACTGCTGGCTCCAA-1,14999,14858
AAACTTGCAAACGTAT-1,14993,7896
AAAGACCCAAGTCGCG-1,6163,12110
AAAGACTGGGCGCTTT-1,10954,7319
AAAGGCTACGGACCAT-1,19288,12969
AAAGGGATGTAGCAAG-1,9698,14138
AAAGGGCAGCTTGAAT-1,9693,8916
AAAGTAGCATTGCTCA-1,16508,9055
AAAGTCACTGATGTAA-1,6163,12691
AAAGTCGACCCTCAGT-1,12973,7317
AAAGTGTGATTTATCT-1,14750,18775
AAAGTTGACTCCCGTA-1,14246,19066
AAATAACCATACGGGA-1,7177,17912
AAATACCTATAAGCAT-1,15504,15148
AAATCCGATACACGCC-1,20049,17755
AAATCGTGTACCACAA-1,14745,13263
AAATCTAGCCCTGCTA-1,17023,19788
AAATGCTCGTTACGTT-1,7674,8628
AAATGGCATGTCTTGT-1,6923,15156
AAATGGCCCGTGCCCT-1,16002,7605
AAATGGTCAATGTGCC-1,11968,12540
AAATTAACGGGTAGCT-1,12221,13555
AAATTACACGACTCTG-1,7177,17621
AAATTACCTATCGATG-1,10207,18779
AAATTGATAGTCCTTT-1,17518,9634
AAATTTGCGGGTGTGG-1,15499,9926
AACAACTGGTAGTTGC-1,10705,11236
AACAATACATTGTCGA-1,19033,10503
AACAATTACTCTACGC-1,10955,8770
AACACACGCTCGCCGC-1,16517,18628
AACACGACTGTACTGA-1,5912,14576
AACACGAGACGCGGCC-1,14993,8186
AACAGCTGTGTGGCAA-1,18528,9633
AACAGGAAATCGAATA-1,7427,14865
AACAGGATGGGCCGCG-1,10956,9640
AACAGGTAGTATGGAT-1,16015,21530
AACATATCAACTGGTG-1,10460,19504
AACATTGTGACTCGAG-1,19792,12678
AACCAAGACTTCTCTG-1,12722,8623
AACCATGGGATCGCTA-1,7170,9498
AACCCAGAGACGGAGA-1,7423,10804
AACCCGACAACCCGTG-1,20548,11372
AACCCTACTGTCAATA-1,13741,19066
AACCCTGGTGGAACCA-1,5661,15302
AACCGAGCTTGGTCAT-1,9699,15298
AACCGCTAAGGGATGC-1,15255,18485
AACCGTTGTGTTTGCT-1,6670,14431
AACCTCGCTTTAGCCC-1,19292,17030
AACCTTTAAATACGGT-1,17271,15001
AACCTTTACGACGTCT-1,7683,18491
AACGATAATGCCGTAG-1,17019,15727
AACGATAGAAGGGCCG-1,7425,12834
AACGATATGTCAACTG-1,9700,16169
AACGCATGATCTGGGT-1,8694,20231
AACGCGACCTTGGGCG-1,20550,12823
AACGCGGTCTCCAGCC-1,9446,14573
AACGCTGTTGCTGAAA-1,17274,18773
AACGGACGTACGTATA-1,16264,18484
AACGGCCATCTCCGGT-1,15500,10796
AACGTACTGTGGGTAC-1,15753,11231
AACGTCAGACTAGTGG-1,9695,10947
AACGTGATGAAGGACA-1,5915,17187
AACGTGCGAAAGTCTC-1,12728,15876
AACTACCCGTTTGTCA-1,15510,21530
AACTAGGCTTGGGTGT-1,17522,13986
AACTCAAGTTAATTGC-1,13229,11524
AACTCCAGAGCGTGTT-1,18788,18481
AACTCTCAATAGAGCG-1,12478,18632
AACTCTCAGTGTGCTC-1,17015,11085
AACTGATATTAGGCCT-1,7679,14720
AACTGGGTCCCGACGT-1,8689,14719
AACTTGCCCGTATGCA-1,10955,9060
AAGACCCAACTGAACA-1,18783,12969
AAGACTGCAAGCTACT-1,12728,15005
AAGAGATGAATCGGTA-1,10451,9060
AAGAGCTCTTTATCGG-1,12476,16311
AAGAGGATGTACGCGA-1,13480,9348
AAGAGGCATGGATCGC-1,12729,16746
AAGATTGGCGGAACGT-1,10206,18199
AAGCACCCTGCGTATC-1,18533,15726
AAGCATACTCTCCTGA-1,17018,15147
AAGCCGAAGCGGTTTA-1,16014,20660
AAGCGCAGGGCTTTGA-1,20552,15724
AAGCGTCCCTCATCGA-1,18023,10214
AAGCTAGATCGAGTAA-1,16261,15002
AAGCTCGTGCCAAGTC-1,12476,15731
AAGCTCTTTCATGGTG-1,18029,16886
AAGGAGCGGTTGGTGC-1,10706,12106
AAGGATCGATCGCTTG-1,13490,20952
AAGGATGAGGGACCTC-1,10458,17764
AAGGCGCGTAAAGCTT-1,9695,10657
AAGGCTGTGCTCATCG-1,11210,11816
AAGGGACAGATTCTGT-1,10207,18489
AAGGGACTATGCATTC-1,18779,8908
AAGGTATCCTAATATA-1,9953,16894
AAGGTGATAAACCAGC-1,14750,18485
AAGTAGAAGACCGGGT-1,8434,11963
AAGTAGTGACGCGAGG-1,11965,9639
AAGTCAATTGTCGTCA-1,15003,19790
AAGTGACGACCGAATT-1,13984,8767
AAGTGAGTCGGGTTTA-1,19287,12099
AAGTGCCTTGACTGTA-1,14751,20226
AAGTGCGTTAGAATCT-1,16003,9055
AAGTGTTTGGAGACGG-1,16767,16743
AAGTTCACTCCAAGCT-1,18030,17467
AAGTTCAGTCTGCGTA-1,8189,20232
AAGTTCGGCCAACAGG-1,15247,10071
AAGTTTATGGGCCCAA-1,20804,15288
AATAACAACGCTCGGC-1,12723,9493
AATAACACTAGAACAA-1,16762,10650
AATACCGGAGGGCTGT-1,20548,10502
AATAGAACAGAGTGGC-1,16763,11811
AATAGAATCTGTTTCA-1,15759,17614
AATATCAAGGTCGGAT-1,5657,11240
AATATCGAATCAATGC-1,16014,20950
AATATCGAGGGTTCTC-1,10460,19794
AATATTGGAGTATTGA-1,12721,8333
AATCATGTAAAGACTC-1,17275,19353
AATCCAAGGGCCTGAG-1,6920,11965
AATCGCCTCAGCGCCA-1,13486,16600
AATCGCGCAGAGGACT-1,14248,21677
AATCGGGACACTACGA-1,5659,13851
AATCGTGAGCCGAGCA-1,20554,17174
AATCTAGGTTTACTTG-1,16759,7459
AATCTATGCCGGAGCC-1,10209,21100
AATCTCTACTGTGGTT-1,13225,6592
AATCTGCGTTGGGACG-1,11721,18488
AATCTGGCTTTCTAGT-1,16506,7314
AATGACAGCAATGTCT-1,15751,9491
AATGACGTAGGATGTC-1,14748,16454
AATGACTGTCAGCCGG-1,9444,11962
AATGATGATACGCTAT-1,9450,18635
AATGATGCGACTCCTG-1,9956,19795
AATGCAACCGGGTACC-1,9950,13703
AATGCACCAAGCAATG-1,8441,19216
AATGGTCCACCGTTCA-1,11206,7464
AATGGTTCTCACAAGC-1,8433,10223
AATGTGCCCGAGGTGT-1,17518,9054
AATTAAAGGTCGGCGT-1,13735,12394
AATTAGCGCTGCAGCG-1,16513,14277
AATTCATAAGGGATCT-1,9449,18345
AATTCCAAGCATGTAC-1,20298,13548
AATTCGATTCGAGGAT-1,20300,16159
AATTCTAGAGTTAGGC-1,16008,14277
AATTGAACGCTCTGGT-1,15001,17179
AATTTGGGACATAGTA-1,6925,18347
AATTTGGTTCCAAAGA-1,6418,14866
ACAAATCGCACCGAAT-1,16263,17033
ACAAATGGTAGTGTTT-1,14749,17325
ACAACAGCATGAGCTA-1,11718,15587
ACAACGGTCCCTGCGA-1,9189,9497
ACAAGCAGTGCCTAGC-1,11208,8915
ACAAGGAAATCCGCCC-1,16010,16018
ACAAGGACAAGAGGTT-1,10957,10510
ACAAGGATGCTTTAGG-1,19040,17756
ACAAGGGCAGGCTCTG-1,14748,16164
ACAATAGTCGTACGTT-1,14236,8042
ACAATCCATTTAAACC-1,12723,9784
ACAATGAATACGGAGA-1,18023,9634
ACAATTGTGTCTCTTT-1,16517,19209
ACAATTTGAGCAGTGG-1,10710,17038
ACACAAAGACGGGTGG-1,9697,13268
ACACACCAGGACCAGT-1,14750,18195
ACACACTTTCTACACG-1,7174,14430
ACACCCAGCATGCAGC-1,9696,12397
ACACCCGAGAAATCCG-1,8433,10803
ACACCTTAAGTAGGGC-1,9948,11382
ACACCTTACTACTTGC-1,13995,21242
ACACGAGACTCCTTCT-1,11466,15442
ACACGGGAACTTAGGG-1,10456,15443
ACACTGATCAAGGTGT-1,16763,12101
ACAGAACTGAGAACAA-1,16760,8619
ACAGATTAGGTTAGTG-1,5407,13417
ACAGCATAGAGCCAGT-1,6164,13561
ACAGCGACATTCTCAT-1,18537,19497
ACAGCGCACCCGCAGC-1,6167,16752
ACAGGTGGAGGTGAGG-1,16510,10796
ACAGTAATACAACTTG-1,15244,7170
ACATAATAAGGCGGTG-1,8941,14284
ACATCAGCTGGGACGC-1,11711,6883
ACATCCCGGCCATACG-1,17522,13406
ACATCCTGGTAACTGT-1,14246,19936
ACATCGATCGTTTACC-1,14241,14134
ACATCGGTCAGCCGCG-1,13985,10508
ACATCGTATGCAATGG-1,15001,16889
ACATCGTTAACCTAGT-1,5914,16027
ACATGGCGCCAAAGTA-1,13742,20227
ACATTAGTTTATATCC-1,16512,13987
ACCAACGCTTATTTAT-1,17016,12246
ACCAAGAACGCGTGTC-1,7930,12254
ACCAATATGCAAGTTA-1,17777,16451
ACCACAAGTTTCTATC-1,11211,12976
ACCACCAATGTAACAA-1,13995,20661
ACCACGTGCAGCTATA-1,15757,16163
ACCAGTGCGGGAGACG-1,15760,18774
ACCATATCCGCAATAA-1,13231,13264
ACCATCCGCCAACTAG-1,14739,6881
ACCATCGTATATGGTA-1,14238,11233
ACCCAACGCCCGTGGC-1,11216,17618
ACCCACCTACATGCTC-1,9946,8771
ACCCATTTGTCCCTCT-1,18789,19642
ACCCGAGCGAAATTAC-1,19032,9343
ACCCGGAAACTCCCAG-1,18027,14566
ACCCGGATGACGCATC-1,13236,19647
ACCCGGTTACACTTCC-1,14239,12103
ACCCGTGTCATCAGTA-1,18278,12970
ACCCTCCCTTGCTATT-1,15758,17324
ACCCTTCATCTGCGAA-1,6922,14576
ACCGAAAGGGCCCTGC-1,5911,12836
ACCGACTGAGTCCCAC-1,10708,14717
ACCGATGGTAGCATCG-1,12731,18487
ACCGCGGTGGAAGTCG-1,14752,20516
ACCGGGCCTTTGTTGA-1,15255,19355
ACCTAAGTACCTTTCA-1,16256,9490
ACCTAATCGACTTCCT-1,11713,9494
ACCTACAGTATGTGGT-1,13995,21532
ACCTACTATAAATCTA-1,20803,13548
ACCTCCGTTATTCACC-1,12228,21388
ACCTGCGTGTCATGTT-1,15245,7751
ACGAAATGGGCGGCAC-1,11712,8624
ACGACTGGTCATACTC-1,19790,10067
ACGAGATATTTGCTTA-1,5915,16897
ACGAGGATACCACTCT-1,16254,7750
ACGAGTACGGATGCCC-1,10713,20229
ACGATACATAGAACTA-1,9196,16749
ACGATCATACATAGAG-1,9951,14283
ACGATCATCTTGTAAA-1,12732,19937
ACGATGCATATGTTAT-1,12977,11379
ACGATGGATCCGATGC-1,6166,15302
ACGCAATCACTACAGC-1,9957,20955
ACGCATACGTTTACTA-1,17780,19933
ACGCATTCGTGAGTAC-1,11969,13991
ACGCCAGATGATTTCT-1,7933,15735
ACGCCGCTAGACGACC-1,14495,15439
ACGCGAAGTCAGACGA-1,16007,13697
ACGCGCTACACAGGGT-1,13985,9637
ACGCGGGCCAAGGACA-1,12222,14136
ACGCTAGTGATACACT-1,10713,19649
ACGCTGTGAGGCGTAG-1,13477,7027
ACGGAATTTAGCAAAT-1,7422,9063
ACGGACTCTCAAAGCG-1,19038,16015
ACGGATGGTGCGGATA-1,18029,16596
ACGGCACTTGCTTGGG-1,16765,13841
ACGGCCAACATGGACT-1,17017,13116
ACGGCGACGATGGGAA-1,16010,16308
ACGGGAGTGTCGGCCC-1,15498,8766
ACGTACAGATTTCTCT-1,6165,14721
ACGTAGATTGCTGATG-1,11970,14861
ACGTATTACTCCGATC-1,13993,19211
ACGTGCGCCTCGTGCA-1,7931,14285
ACGTTAATGTCGAAGA-1,13990,15149
ACGTTAGATTTGCCCG-1,13481,10798
ACGTTCCGCGCTCCGT-1,5659,12981
ACGTTCGCAATCAATT-1,11976,21534
ACGTTCGTTCAGGAAA-1,18782,11519
ACGTTTAGTTGTGATC-1,7175,15011
ACTACCAGCTCTCTGG-1,9948,11092
ACTACGCGTTAGAATT-1,18783,13259
ACTAGTTGCGATCGTC-1,16266,20224
ACTATTCGTCCGTGGT-1,7176,15881
ACTATTTCCGGGCCCA-1,18529,11084
ACTCAAGTGCAAGGCT-1,18787,17611
ACTCAATAAAGGCACG-1,9951,15153
ACTCAGACCTGCTTCT-1,5910,11385
ACTCCAATATCATCAT-1,19537,9342
ACTCCCATTCCTAAAG-1,15497,7605
ACTCCCGAATTCGTTT-1,11723,20228
ACTCCCTAATGCTAAA-1,18028,15146
ACTCCCTAGAATAGTA-1,15756,15293
ACTCGTAACCCGTCCT-1,16003,8475
ACTCGTCAGTAATCCC-1,12729,16456
ACTCTCTGACTTAGGT-1,14243,16455
ACTCTTGTATAGTAAC-1,12728,15296
ACTGAAACGCCGTTAG-1,18031,18627
ACTGAATGGCGAAAGT-1,15506,17179
ACTGCCGTCGTAACTC-1,7680,15300
ACTGTACGATACACAT-1,11214,16457
ACTGTAGCACTTTGGA-1,10452,10801
ACTGTATACGCGAGCA-1,6161,10370
ACTGTCCAGGATTATA-1,11969,13120
ACTGTCTTCTTTAGAA-1,11213,14427
ACTGTGCTAGTAGATC-1,6918,9644
ACTTAGTACGACAAGA-1,7170,9789
ACTTATACTTACCCGG-1,12730,18197
ACTTATTAGGATCGGT-1,13230,12684
ACTTATTTATGTGCCA-1,15254,18194
ACTTCCATGCGGGACA-1,19040,17466
ACTTCGCCATACGCAC-1,10457,16023
ACTTGACTCCCTCTTT-1,14242,15584
ACTTGGGACCCGGTGG-1,10958,12251
ACTTGTAGTCCCTTCA-1,14739,6591
ACTTGTGGATGGAACG-1,16771,20804
ACTTTACCCTCATGAA-1,11723,20518
ACTTTCCTATAGCTTC-1,10708,14137
ACTTTGACTGCATCCT-1,13477,6737
AGAACGTGGTACATTC-1,10457,15733
AGAAGAGCGCCGTTCC-1,13235,17906
AGAAGGTACACTTCAC-1,16759,7169
AGAAGGTTGCCGAATT-1,14239,11523
AGAAGGTTGTAGGTCG-1,19796,16450
AGAAGTGATTCGTGAT-1,15751,9201
AGAATAAATCTTCAGG-1,12972,6737
AGAATTATGGATTCGA-1,11722,19358
AGAATTGTTTGACATA-1,7926,8482
AGACCATGGGATACAA-1,9189,9207
AGACCCACCGCTGATC-1,16008,14567
AGACCCGCCCTCCTCG-1,10202,13267
AGACCGGGAAACCCTG-1,13983,7607
AGACGAAGTGCCGGTC-1,16012,19209
AGACGACGATGCCGCT-1,17014,9925
AGACTAGCCTTCCAGA-1,10705,11816
AGACTGTTACCGGGTC-1,19539,11663
AGAGAACCGTCTAGGA-1,10206,17909
AGAGAAGGAGTACAAT-1,18276,10069
AGAGATCTCTAAAGCG-1,13731,7752
AGAGCAGTTATGAGAC-1,10954,7899
AGAGCGGGCTAATCAT-1,7679,14430
AGAGCGTACAAGCTCG-1,9694,9206
AGAGGCTTCGGAAACC-1,16518,19789
AGAGTAAACTTCACTA-1,15761,20515
AGATAACTTCAGGGCC-1,11715,11525
AGATACGACTTCATAT-1,7423,10224
AGATACTCAAGATCGA-1,15253,17034
AGATATAATACGACTA-1,19795,15579
AGATCGTGCATAAGAT-1,8945,19215
AGATCTCAGGTGTGAT-1,10962,16022
AGATGACTCGCCCACG-1,8940,13123
AGATGATGGAGTCTGG-1,12228,20518
AGATGCAAGACGTGCA-1,18274,8618
AGATTATAGGACGTTT-1,12726,12975
AGATTCACAACCGATA-1,17011,7024
AGCAAAGGCCGCTAGT-1,18785,15580
AGCAACATATCTTATT-1,13993,18631
AGCAACCGAAAGTAAT-1,17769,8038
AGCACCAGTACTCACG-1,10456,14572
AGCACTACCGGCCTGT-1,12216,8043
AGCACTACCTCACCAG-1,17020,16887
AGCACTTAAGGACGCC-1,11461,10220
AGCAGAAGGAGAAAGA-1,19795,14999
AGCATATCAATATGCT-1,16517,18919
AGCATCATTTCGAAAG-1,17012,7894
AGCATCGTCGATAATT-1,9192,12688
AGCCAAGCTTTGTGTC-1,19793,13549
AGCCACAGGTTACCCG-1,19545,18045
AGCCACTCCCGTGCTT-1,9448,16894
AGCCCATACATGTAAG-1,14236,8912
AGCCCGCAACAAGCAG-1,20802,12967
AGCCCGGTAGCCTGTA-1,19035,12244
AGCCCTAAGCGAAGTT-1,7427,14575
AGCCCTTCTAATCCGA-1,7937,20087
AGCCGTGGCTAAATGT-1,16255,8330
AGCCTAATACCCACGT-1,16254,7169
AGCGACAGGAACGGTC-1,16509,10505
AGCGACATCCCATTCA-1,7931,13704
AGCGACCAACGATATT-1,9949,13122
AGCGCGGGTGCCAATG-1,9702,18490
AGCGGACACTTCGTAG-1,19289,14129
AGCGGCGGTTAGCGGT-1,16254,6879
AGCGGGAAGGGTCCAT-1,6918,10514
AGCGGGTCTGACACTC-1,20299,14709
AGCGTGGTATTCTACT-1,14999,15439
AGCTAACAAGCAATGT-1,19033,9923
AGCTAAGTACGCAGGC-1,19797,17610
AGCTAGAAGCAGAAGT-1,8946,19506
AGCTATTTAATCCAAC-1,7680,15880
AGCTCTAGACGTTCCA-1,13233,16165
AGCTCTTCCCAGTGCA-1,8187,17911
AGCTCTTTACTCAGTT-1,13986,11668
AGCTGAAGTAAACCAA-1,8691,17330
AGCTGTAACCTCAATC-1,17265,9199
AGCTTGATCTTAACTT-1,13984,8477
AGGAAGCTGTCCGCCG-1,19037,14565
AGGACAGTCGAATCCC-1,14496,17470
AGGACATCGCACGTCG-1,7676,10658
AGGACGACCCATTAGA-1,14491,11668
AGGACGCTCGATGTTG-1,8188,19361
AGGAGGCCTTCGCGCG-1,16770,19353
AGGATAAAGTCGGGAT-1,17018,14566
AGGATATAGGGATTTA-1,15255,19065
AGGATCACGCGATCTG-1,15749,7460
AGGCAGATGCGTAAAC-1,10206,17619
AGGCAGGGAGCGTACT-1,18530,12244
AGGCATTGTCGTAGGG-1,16013,19499
AGGCCACCCGTTATGA-1,10704,10656
AGGCCCATTGTACAGG-1,7426,13125
AGGCCCTAGAACGCCA-1,14993,8766
AGGCCTGAGAATCTCG-1,19292,17901
AGGCTATGGTTAGCTT-1,10199,9496
AGGCTTCCCGAAGAAG-1,16258,11231
AGGGAAACGAGGTACT-1,6925,18057
AGGGACCGGCTGCGTT-1,12733,21098
AGGGAGACATACTTCG-1,10967,21535
AGGGCAGCGGCGTGGT-1,5661,15882
AGGGCGAGCAGCTGAT-1,14740,8041
AGGGCGTGATCGGCTA-1,7929,11674
AGGGCTGCAGTTACAG-1,12475,14571
AGGGTCAGAGCACTCG-1,20800,10937
AGGGTGCCGTTCTTTA-1,20042,9922
AGGGTGCTCTCGAGGG-1,12226,18487
AGGGTGGATAGTGCAT-1,10953,6739
AGGGTTCAGACGGTCC-1,21053,11662
AGGGTTCCCTTTGGTT-1,11216,17908
AGGGTTTAGTTCGGGA-1,11970,14281
AGGTAACCTCCTATTC-1,6919,11094
AGGTACGATATTGCCA-1,6671,16171
AGGTAGATCGAGATAT-1,19538,10213
AGGTAGGTACAAAGCT-1,12470,9639
AGGTATAATTGATAGT-1,12480,20953
AGGTCGCGGAGTTACT-1,10208,20230
AGGTGGTGACCTTCGC-1,19793,13258
AGGTGTATCGCCATGA-1,12973,7608
AGGTTGAGGCACGCTT-1,9195,15879
AGGTTTCACACACCTT-1,13989,14859
AGTAATGTCTTGCCGC-1,7679,13850
AGTACATCATTTATCA-1,10966,20954
AGTACGGCCCGTATCG-1,12468,6738
AGTACGGGCACCTGGC-1,9953,16604
AGTACTCTTATGCCCA-1,17778,17902
AGTAGGAAGGAAGTTG-1,7684,19362
AGTATAATACTAGGCA-1,9947,9931
AGTATGCTGGAGACCA-1,18275,8908
AGTATTTGGCACGACC-1,18278,12680
AGTCAACACCACCATC-1,13987,11958
AGTCAAGATGACACTT-1,15759,18194
AGTCACTAGCTCTCGA-1,17527,19498
AGTCAGCCACCGCCTG-1,7674,9208
AGTCCATTGGCTGATG-1,14246,19646
AGTCCCGCCTTTAATT-1,7935,18636
AGTCGACGGTCTCAAG-1,13235,18196
AGTCGGCCCAAACGAC-1,9947,10801
AGTCGGCTCAACTTTA-1,15498,8476
AGTCGGTTGCGTGAGA-1,13743,21387
AGTCGTATAAAGCAGA-1,20049,16885
AGTCGTCGACCACCAA-1,18031,18337
AGTCGTGGGCATTACG-1,16508,9345
AGTCTAAAGTATACTC-1,10966,21244
AGTCTCACAAGACTAC-1,17266,9489
AGTCTTCTCCTCAAAT-1,9699,14718
AGTCTTTAAAGTGTCC-1,20553,16304
AGTGAACAAACTTCTC-1,14751,19936
AGTGACCTACTTTACG-1,14745,12683
AGTGAGACTTCCAGTA-1,12478,17762
AGTGAGCCTCGCCGCC-1,10965,20084
AGTGATAACCTGCGCG-1,18535,18046
AGTGATATGAGTAGTT-1,14997,12247
AGTGATTCAAGCAGGA-1,11973,17762
AGTGCACGCTTAAGAA-1,16769,19063
AGTGCGTAGCTCGTAA-1,15248,11232
AGTGCTAAACACAGCA-1,19040,18336
AGTGCTTGCACGAATA-1,13992,18050
AGTGGCGGCAATTTGA-1,9702,18780
AGTGGCGTCTGAAGGT-1,19292,17611
AGTGGCTCCGTCGGCC-1,13730,6882
AGTGGTGTTACCCGTG-1,15496,6445
AGTGGTTGCGTATAGG-1,12467,6157
AGTGTATTGCGCATTG-1,7936,18926
AGTGTGGTCTATTGTG-1,8936,8481
AGTTAAACACTTGCGA-1,13734,11523
AGTTAAGCGGTCCCGG-1,7681,16751
AGTTAAGTCAACCGCT-1,16508,8765
AGTTACTCTATCGTGG-1,7430,18056
AGTTCCTACAGAATTA-1,11211,12396
AGTTCCTATTTATGTT-1,14494,14569
AGTTGACGGTCCTTGC-1,20046,14274
AGTTTCGCAGGTCGGA-1,6669,14141
AGTTTGCACCTGCCTC-1,18281,15871
AGTTTGGCACGGGTTG-1,15761,19935
AGTTTGGCCAGACCTA-1,15499,9636
ATAAACGGACCCGTAA-1,15503,13988
ATAAAGGCTCGGTCGT-1,12220,12395
ATAAATATTAGCAGCT-1,13227,9203
ATAACGCCGGAGGGTC-1,12477,16891
ATAACGGAGTCCAACG-1,9952,16023
ATAAGGTGGAGAACAT-1,16262,15583
ATAAGTAGGATTCAGA-1,10461,20084
ATAAGTTACCGCGACG-1,15249,12682
ATAATAGCTGTTGAAT-1,15503,14278
ATAATAGTGTAGGGAC-1,8179,9498
ATAATCTTGGAGAACC-1,19039,16305
ATAATTAGCTAAGTAG-1,19794,14419
ATACAGGCCCTCCAAT-1,17776,15581
ATACCACGGGCAACTT-1,12470,9349
ATACCAGGCTAATAGA-1,5911,13126
ATACGCCGGCGAAACC-1,13738,16455
ATACGGAACGTCGTTT-1,17769,8328
ATACGGGTTTCGATTG-1,9196,17039
ATACGGTGAAGATGCA-1,11963,6738
ATACGTACTTAGCCAC-1,17524,16307
ATACGTCCACTCCTGT-1,15507,18629
ATACTAGCATGACCCT-1,8941,13994
ATACTGCCTTACACCG-1,18282,17321
ATACTTGTTCTCGAGC-1,11206,6594
ATAGACAACGGGACCT-1,10712,18489
ATAGACGAAGAGAAAG-1,11967,11670
ATAGAGTACTGGGACA-1,10201,12107
ATAGAGTTATCAACTT-1,10459,18634
ATAGGCGGCTATAGAA-1,14490,9927
ATAGGCTAGCTTCGCA-1,9955,19215
ATAGGGATATCCTTGA-1,8942,15444
ATAGGTTGGGCAGATG-1,10708,14427
ATAGTGAAGCGTTCTC-1,13988,13409
ATAGTTCCACCCACTC-1,13237,19937
ATATAAAGCGCTCGTG-1,18280,15000
ATATAAATGTAGCTGC-1,17271,15872
ATATCGGTAGGGAGAT-1,13238,21097
ATATCGTTCCTCGAAC-1,18283,18482
ATATCTCCCTCGTTAA-1,8439,17765
ATATCTTAGGGCCTTC-1,12474,13990
ATATGTCTCCCTAGCC-1,12479,19212
ATATTCAGTTAAACCT-1,14743,10942
ATATTCCCACAGGTCA-1,6416,13706
ATATTGCTGTCAAAGT-1,8180,9788
ATATTTAACCCTCAAG-1,11464,13121
ATCAAACACTGTTCCA-1,15509,20660
ATCAAACGAAGGTTTG-1,16004,9926
ATCAATCTGGGCTGCA-1,11970,14571
ATCACGTGCTAATTAA-1,15247,10362
ATCACTTCATCCTCGC-1,8941,14864
ATCAGACGGCACGCCG-1,14743,11232
ATCAGCCTCATGCTGC-1,18030,17757
ATCAGCTCGTCCACTA-1,16002,7315
ATCAGTAGGCAGGGAT-1,9449,17764
ATCCAACGCAGTCATA-1,9947,10511
ATCCAATGGAGGGTCC-1,14489,9057
ATCCAATGGTACCGAA-1,12719,6012
ATCCACATCGACAGAA-1,19290,15580
ATCCAGAGCAACAACC-1,16259,12681
ATCCAGGATTCGTGAA-1,13734,11813
ATCCTACCTAAGCTCT-1,14744,12103
ATCCTGAATCGCTGCG-1,13227,8913
ATCCTGCGTGGAATGG-1,14996,11957
ATCGACCCAATACAGA-1,14494,14279
ATCGACTCTTTCCGTT-1,9445,13993
ATCGCACGCCGGGAGA-1,9950,13412
ATCGCCAGTCAACATT-1,15004,20370
ATCGGCAAGCAGTCCA-1,8693,19071
ATCGGTTACCTAGTAA-1,12215,6303
ATCGTTAGCTAGCGGA-1,18284,19352
ATCTAATATCCTACGG-1,17523,14856
ATCTAGCTTGTGAGGG-1,20551,14563
ATCTCCCTGCAATCTA-1,7680,15590
ATCTGACATGGAAGGA-1,19539,11083
ATCTGCACCTCTGCGA-1,10965,19794
ATCTGCTGTTATCGCC-1,20550,13403
ATCTGGTTAAGACTGT-1,10205,16168
ATCTGTAATTGTACCC-1,7426,13415
ATCTTGACCTGCAACG-1,10200,11526
ATCTTGACTTGTCCAA-1,11218,20809
ATGAAGCCAAGGAGCC-1,9191,11818
ATGACGCCGGCTCTAA-1,7678,13560
ATGACGCGTTCTATCC-1,16761,9490
ATGACTATCAGCTGTG-1,19539,11373
ATGACTATGCGACATT-1,15759,17904
ATGAGGAGTGTTAATC-1,9947,10221
ATGATCGGGAATAGAC-1,7678,12979
ATGATGCAATGGTACA-1,14744,12393
ATGCACTACCGCATTG-1,10453,11671
ATGCATGATCCAGGAT-1,9951,14573
ATGCCATTTGCGACCA-1,14497,18340
ATGCCGGTCTTGCATA-1,11466,16022
ATGCCGGTTGATGGGA-1,8439,17185
ATGCGACAGTCCCATT-1,12476,15441
ATGCGAGTCCCACCAC-1,15761,20225
ATGCTCAGTGTTGCAT-1,8937,9352
ATGCTCTGGCGCGGTA-1,18786,16160
ATGGAGCAGGCCGTGA-1,12727,14715
ATGGATCCGGCGTCCG-1,8438,16605
ATGGATTGACCAAACG-1,10455,13992
ATGGCAGCCGAGAAAC-1,11963,6448
ATGGGACCTGCTGAAC-1,19033,9633
ATGGGCCTCGGCCTCT-1,15002,18340
ATGGTCGCGTGGTTTC-1,15001,17469
ATGTAAGGCTGCTCTT-1,11724,21389
ATGTACGATGACGTCG-1,20299,14418
ATGTAGCGCGCGTAGG-1,20805,15578
ATGTGCATCCGACGCA-1,9445,13413
ATGTGGACATCTTGAT-1,15504,15438
ATGTTACGAGCAATAC-1,7422,9353
ATGTTCGTCGACCCAC-1,12216,7173
ATGTTGTAGTCTGTTT-1,20044,11953
ATTAAACATGCGGACC-1,14493,13698
ATTAATACTACGCGGG-1,9194,14719
ATTAATGAACCAGTCG-1,9448,16604
ATTAATTCGGTCACTC-1,7175,14720
ATTACAACTACCGGCC-1,6420,17767
ATTACATGTCAGTCTT-1,16266,20804
ATTACGCGCTGGCAGG-1,13732,9493
ATTACTAGCCTCTTGC-1,8181,11528
ATTACTTACTGGGCAT-1,9198,19650
ATTAGATTCCTCAGCA-1,9956,20375
ATTAGATTGATAGCGG-1,8434,12253
ATTAGGCGATGCTTTC-1,12980,15440
ATTATACTTTGCTCGT-1,8186,16460
ATTATCGGAATGTACG-1,21055,13402
ATTATCTCGACAGATC-1,5407,13997
ATTATGCCATAGGGAG-1,8940,12833
ATTCAACCATTTAAGG-1,18284,19642
ATTCACTGATGTTGGA-1,17775,15001
ATTCAGGACCTATTTC-1,8693,19361
ATTCAGTAGCAGGGTC-1,10450,8770
ATTCATATACTGTCCA-1,15250,13843
ATTCATCGTTGAGGCA-1,19040,18046
ATTCCCACATAAACAA-1,10198,8625
ATTCCTCCGCCAGTGC-1,9443,10802
ATTCGACGCCGGGCCT-1,12722,8913
ATTCGTGCTATCTCTT-1,14247,21096
ATTGAAGATCTTAGTG-1,11463,12251
ATTGACGTAACTCGGT-1,5661,15592
ATTGATGAGTCCTAAC-1,11974,19503
ATTGCCTTTATGTTTG-1,19797,17320
ATTGCTGCTCCTCCAT-1,12472,11379
ATTGGATTACAGCGTA-1,17275,19933
ATTGTACAACTCGGCT-1,12480,20083
ATTGTCGCAATACCTT-1,7429,17476
ATTTACAGTTTACTGG-1,11209,10655
ATTTACTAAGTCCATT-1,11471,21244
ATTTCATTATTTCGCG-1,7176,16461
ATTTCCGGGTTCTGCG-1,17519,10214
ATTTGCGCGAGTAGCT-1,17013,9635
ATTTGTCTTGGGAGCT-1,13739,17325
ATTTGTTCCAGGGCTC-1,8437,15445
CAAACGAGTATCGCAG-1,15501,11957
CAAACGGTCGCACTTT-1,11209,10945
CAAACTACGATAGAGA-1,6672,17332
CAAACTATTGAGCTTC-1,6419,16027
CAAACTCGCGACGCCG-1,15005,21241
CAAAGATTATTGGGCC-1,17770,9489
CAAATCTCTCACAAGG-1,14741,8621
CAAATTGTCAGCAAGC-1,6922,14866
CAACGACCCGTTTACA-1,8687,12398
CAACGGTTCTTGATAC-1,8181,10658
CAACTATATCGAATGC-1,7429,16606
CAACTCCTTGATCCCG-1,8182,11818
CAACTGCTCATCCGAT-1,18531,13115
CAACTTGTAGTGGGCA-1,5909,11095
CAAGAGGGCGGAGTAC-1,15252,15874
CAAGATATTATAACGT-1,15002,18050
CAAGCAACGTCGGAGT-1,11714,10655
CAAGCACCAAATGCCT-1,8184,14719
CAAGCGGCACATAATT-1,17271,15582
CAAGGATCGCATGTTC-1,13737,15005
CAAGGTCCTATAGGCT-1,12228,21098
CAAGTAAGTGATAGAC-1,21055,12822
CAAGTGTGGTTGCAAA-1,13740,18776
CAATAAACCTTGGCCC-1,10204,15878
CAATACGCTCTGAGGC-1,13729,6591
CAATATTCTTGACCTA-1,17267,10940
CAATCCCTATACCAGC-1,6673,17912
CAATGCGAGAAGTATC-1,17272,17032
CAATGGATCTCTACCA-1,10711,17618
CAATGTGCCAACCCTT-1,12986,21823
CAATTAAGGGTGATGA-1,10960,14572
CAATTTCGTATAAGGG-1,12979,14280
CACAATGAGCTGCTAT-1,14240,12393
CACACACGCTAACGAG-1,17528,20078
CACACAGGGATAGATT-1,9946,9061
CACAGCACCCACGGCA-1,11464,13701
CACAGCTAGGGAGTGA-1,8688,13849
CACAGGGCCATATAGT-1,18032,19207
CACAGGGCCGTTGTCA-1,19289,13839
CACATATTAGCAGGAT-1,15504,15728
CACATGATTCAGCAAC-1,13232,14425
CACATTCTTTCGATGG-1,8187,18201
CACATTTCTTGTCAGA-1,14752,20806
CACCACGCCACACAGA-1,13729,6301
CACCAGTCAGCATGCA-1,18779,8328
CACCATCGGAGGAGAC-1,6417,13996
CACCCACACGTCACCC-1,7929,11383
CACCCACGAGGCAATT-1,8692,17620
CACCCGGTTTGTGACT-1,17014,10795
CACCCTAACAAGATCT-1,17777,16742
CACCCTTGGTGAGACC-1,16254,7460
CACCGATACACCGAGC-1,6167,17332
CACCGCCAGAAGGTTT-1,10455,13702
CACCGCCGACCAGCGA-1,5913,14867
CACCGTATCCCATCCG-1,16771,20224
CACCGTTAGGGATCAC-1,17014,10505
CACCGTTGCGCGATAT-1,15499,9346
CACCTAATAGAGTCGT-1,7926,8773
CACCTAATCAGTTTAC-1,8690,15589
CACCTCGATGGTGGAC-1,8185,15300
CACCTTGCGAAACTCG-1,9701,17329
CACCTTGGCGCCTTTG-1,14499,20081
CACGAAAGTTAGTCCC-1,11965,9349
CACGCACAGCGCAGCT-1,9699,15588
CACGCAGCGAGGCTTT-1,11462,11380
CACGCGGAACTGTTGC-1,14246,19356
CACGGGATTGAGGGTT-1,11458,6739
CACGTCGGCAACCTCT-1,16005,10506
CACGTTCGTGCTCTAG-1,12982,16891
CACGTTTCGTACACAC-1,17526,18337
CACTAAAGTTGCCTAT-1,12473,12540
CACTCAAGAGCTATGG-1,13483,13409
CACTCAGCTCTTGAGG-1,6418,15446
CACTCCTATGTAAGAT-1,17771,10359
CACTCCTCTCGGTCGG-1,7430,17766
CACTCGAGCTGAACAA-1,15757,15873
CACTCGGTTAGGAGGA-1,12468,7028
CACTCTTCTGCTAGCC-1,18537,19787
CACTGACGATTGTGGA-1,20045,12533
CACTGTCCAAGTGAGA-1,8434,11383
CACTTAATCAGACGGA-1,12220,12105
CACTTCGCCACAGGCT-1,8937,9642
CAGACACCGATCGCTG-1,17016,12536
CAGACCTGTAAGTGTT-1,11470,19503
CAGACGAACCTGATAC-1,16259,12391
CAGAGACGGTCACCCA-1,16512,13406
CAGAGCATGAGCTTGC-1,10204,15298
CAGAGGCGATGCATGA-1,17268,12100
CAGAGTGATTTAACGT-1,5913,15157
CAGATACTAACATAGT-1,10201,11817
CAGATCATTTAAAGTC-1,9199,20811
CAGATCCTGGTTTGAA-1,17516,7603
CAGCAGCCCGTTCCTT-1,10710,16458
CAGCAGTCCAGACTAT-1,16265,19644
CAGCAGTCTGTGCTGC-1,19291,15870
CAGCCGGGCCCTCTAT-1,6420,17477
CAGCCTCCTGCAGAGG-1,9448,16314
CAGCCTCTCCTCAAGA-1,7431,18927
CAGCGATTCCCTTCAA-1,17015,11375
CAGCTCACTGAGACAT-1,11969,13701
CAGCTCGACAAGTTAA-1,10711,18199
CAGCTCGTGCTTGTGT-1,7171,11239
CAGCTGGCGTAACCGT-1,15750,8330
CAGCTTAGTAGGTAGC-1,11713,9204
CAGGAAGACTTTATAT-1,6925,17477
CAGGATATATCGTTGT-1,14746,13843
CAGGCAGTCTTACCAG-1,20049,17465
CAGGCCGTTTGGGTGT-1,13481,11378
CAGGCGCACGGTGGTC-1,17770,9199
CAGGCGCCATGCTAGG-1,16009,15728
CAGTAACTATTTATTG-1,8441,19796
CAGTAATCCCTCCCAG-1,8936,8772
CAGTACATTCTCTAAA-1,8694,19941
CAGTACCAGTTTACGT-1,15750,7750
CAGTAGCCCACGCGGT-1,9954,18344
CAGTCGAGGATGCAAT-1,9955,19505
CAGTCTGTATACTGGG-1,14242,14714
CAGTGAATAAATGACT-1,9953,17184
CAGTGTCCGCAGAATG-1,7423,10514
CAGTGTCGGCTGGCCC-1,16769,18483
CAGTTCAAATTGACAC-1,10959,12541
CAGTTCCGCGGGTCGA-1,10198,8916
CATAACGGACAGTCGT-1,12731,18777
CATAAGAAGCTTGGCT-1,18281,15581
CATAAGCTCTCCGTCT-1,14235,7171
CATACAAAGCCGAACC-1,6918,10224
CATACACGGTTCCCAC-1,19036,13114
CATACCCGTACCCAGT-1,12975,9638
CATACGAACTAGCTGG-1,20042,9632
CATACGGCGTCTGGGC-1,13484,14280
CATACTATGTAATTGT-1,12725,12104
CATACTTAGGCAATAC-1,12986,21533
CATACTTCTTTCTCCG-1,20802,12677
CATAGCCGCCCGGGAT-1,10198,8335
CATAGCGTTGCCCACC-1,17267,11230
CATAGTACATTGAGAG-1,7428,16316
CATAGTAGCATAGTAG-1,8434,11673
CATAGTCCACAAGAAC-1,14994,9636
CATATACTACTGATAA-1,8189,19941
CATATAGGTACAGTCA-1,14493,13118
CATATGTCAGGCTACG-1,15750,8620
CATATTATTTGCCCTA-1,5914,16607
CATCATCTACCCGGAC-1,6418,15156
CATCATTACCCTGAGG-1,16769,18773
CATCCTCTCAAAGATC-1,17274,18483
CATCGGACGGGTTAAT-1,14241,13554
CATCTATCCCGTGTCT-1,8189,19651
CATCTTACACCACCTC-1,12984,19502
CATGAACCGACATTTG-1,6414,11385
CATGACTTCGCTGAAT-1,13742,20517
CATGAGATGCACTCTC-1,18534,16596
CATGATGCACAATTCT-1,8942,15154
CATGATGGAAGTTAGC-1,15004,20080
CATGCCAACTCGCAAA-1,14488,8186
CATGCGACCAGTTTAA-1,10208,19359
CATGCGTTAGACAGAA-1,7427,14285
CATGCTGGCTCCAATT-1,6669,13851
CATGGATTGTCTTCCG-1,17527,19788
CATGGCAGGAAGATCG-1,7931,13414
CATGGGTATGCCTTAT-1,17777,17032
CATGGGTCGGGTGTGG-1,8944,17475
CATGGTAAGTAGCGTT-1,15000,15729
CATGGTCTAGATACCG-1,10203,14718
CATGTAAGAGACATTT-1,17273,18193
CATGTCTCATTTATGG-1,16011,17468
CATTACGTCGGCCCGT-1,8436,14574
CATTATGCTTGTTGTG-1,10201,12687
CATTGCGAAATGGGCG-1,12720,6882
CATTTAGCGGACCATG-1,9953,17474
CATTTCTAGCAGACTA-1,7674,8918
CATTTGAGTGGTACGT-1,16258,12101
CCAAACAGAACCCTCG-1,9191,12108
CCAACCTTATGTAACT-1,20548,11082
CCAACGATGCACTGAT-1,11461,10510
CCAAGAAAGTGGGCGA-1,16764,12681
CCAAGACTTCTGCGAA-1,8688,14139
CCAAGCGTAACTCGTA-1,11971,15441
CCAAGGAACAGAGAGG-1,7172,12109
CCAATAGTGCCGTCGA-1,12219,11235
CCAATCGGTAGATCGA-1,7177,17331
CCAATGTCACAGCAAG-1,12977,12249
CCAATTACGGGTCGAG-1,8440,18636
CCAATTGAATGTTAAT-1,8686,11818
CCACAATGTACGTCTT-1,10963,17473
CCACACTGAGATATTA-1,13482,12249
CCACAGTACCCATCCT-1,15759,18484
CCACCAACTTTACTGT-1,16762,10940
CCACCCAAGGAAAGTG-1,12981,16021
CCACGGAGCCATAAGA-1,15498,9056
CCACGGTGCCCGGTAG-1,12480,20663
CCACTGGTGGCTGGTT-1,13479,8187
CCAGAAAGCAACTCAT-1,16762,10360
CCAGATAGTTGAGTGA-1,10710,17328
CCAGCCTGGACCAATA-1,12980,14570
CCAGCTCGAACGCATT-1,19542,14564
CCAGCTGATGGTACTT-1,12974,8188
CCAGCTTCCGCCCGCA-1,10954,7609
CCAGGGACGTGGCCTC-1,10454,12832
CCAGTAGTCTGATCCA-1,10459,18344
CCAGTCAAATCTCTTA-1,14234,6301
CCAGTCTAGACGGCGC-1,9701,17619
CCATAAACAACCCGAC-1,7176,16171
CCATACCTTTACTTGT-1,11218,19939
CCATAGGTTGGCGTGG-1,8184,14139
CCATATGGAAACTATA-1,17023,20079
CCATCCATACCAAGTC-1,7171,10659
CCATCGCAGTTAAACT-1,16260,14132
CCATCTCACCAGTGAA-1,13236,19357
CCATGCCCTAGATTTC-1,17779,19353
CCATGCCTGTTTAGTA-1,12473,12830
CCATGCTCTGCAGGAA-1,8938,11383
CCATGGCCCTTGTACC-1,11712,8334
CCATTAGCGATAATCC-1,11715,11235
CCATTCCCTGCCCACA-1,11967,10800
CCATTTCTACCTATTA-1,17523,15436
CCCAAACATGCTGCTC-1,12225,17907
CCCAACATACGTCGCG-1,14490,10217
CCCAACCACACTAACA-1,5660,14722
CCCAATGAGATTTGCA-1,18781,10939
CCCAATTTCACAACTT-1,13480,9928
CCCAGAGGAGGGCGTA-1,8946,20376
CCCAGTAAACTTGGGA-1,16758,6879
CCCAGTTAAGGCGCCG-1,14244,17035
CCCGAAGTTTCGCGAA-1,14992,6735
CCCGACCATAGTCCGC-1,8690,15879
CCCGAGTTTCTCCGTA-1,15761,20805
CCCGCAGCGCGAACTA-1,16008,14857
CCCGCAGGGCCCAAAG-1,6419,16607
CCCGCCATGCTCCCGT-1,8433,11093
CCCGCGCAATGCACCC-1,8431,8482
CCCGGTGTATCGGAAT-1,17012,7604
CCCGTAAGTCTAGGCC-1,13732,9202
CCCGTCAGCGTCTGAC-1,9444,12543
CCCGTTTCGCAGATGT-1,16771,20514
CCCTATGTAGAGCAGA-1,18779,8618
CCCTCATTCTGGAATT-1,7676,11529
CCCTCCTCGCTCGTAT-1,16266,20514
CCCTGAAATGAGTTGA-1,11462,10800
CCCTGACTAACAAATT-1,13225,6882
CCCTGCCCAATCCGCT-1,13983,7897
CCCTGCGCTACGCATA-1,12217,8624
CCCTTTGACAGGTCTT-1,16259,13262
CCGAAAGTGGTGAGCA-1,7927,9063
CCGAACCTTCCCGGCC-1,16009,15438
CCGAAGTATATTGTTC-1,9188,8336
CCGACAAAGGGAGTGC-1,11964,8189
CCGACGGGCATGAGGT-1,17265,8909
CCGAGAAGTCGCATAA-1,15257,21386
CCGATCTCAACCTTAT-1,12984,19792
CCGATTCGAGGGACCC-1,13226,8042
CCGCACAAAGACCAAC-1,12729,16166
CCGCACGTGACCTCGG-1,10703,8915
CCGCATGTGGTACGAT-1,17775,14711
CCGCCGGTCAACACAC-1,6921,13125
CCGCCTGCGAATTGGT-1,7431,19217
CCGCGATTTGGTAGGT-1,13477,6447
CCGCGGAATGCGTCAC-1,16510,11666
CCGCGGGTACGAAGAA-1,11712,8914
CCGCGTAGGTAAGGGC-1,11207,8334
CCGCTATCAGCACCAG-1,14998,14278
CCGCTTACCTCACTCT-1,15500,10216
CCGGAATGGTTTCAGT-1,9694,9786
CCGGAGCGTACTTTCT-1,18279,13260
CCGGCACGACCGTTTC-1,12481,21243
CCGGCGCATATTGGAT-1,7173,13270
CCGGCGTGAGACTCTG-1,15496,6735
CCGGGCGGTCTCGTCA-1,11719,16167
CCGGGCTGCTCCATAC-1,12730,17616
CCGGGTTCGAGGTTAC-1,13228,9783
CCGGTAATGGCTAGTC-1,13238,21678
CCGTAAGTTGGTCCCA-1,11972,16312
CCGTACCCAAGCGCCA-1,6666,10079
CCGTAGGAAATCCCTG-1,18789,19062
CCGTATCTCGTCGTAG-1,17013,9054
CCGTGCCCATGACGGC-1,6667,12110
CCGTGGAACGATCCAA-1,9704,20520
CCGTGTTAAATTCCAT-1,15752,10361
CCGTTACGTTAGAACA-1,8692,17910
CCGTTCCGAATCTCGG-1,13731,8332
CCTAAAGGCTGACGCT-1,7177,17041
CCTAAATTAACGGTTC-1,14242,15004
CCTAACCCAAACAAGT-1,16011,18049
CCTAACTAAGGCTCTA-1,8945,18635
CCTACATTCACAGACG-1,16509,9925
CCTACGGCTCAGTCGA-1,7675,9788
CCTACTGCTTACACTT-1,10453,12252
CCTAGGCGTAGCGATC-1,12730,17907
CCTAGGTAAAGGTAGC-1,16506,6734
CCTAGTTAGTCGCATG-1,6671,15591
CCTATATTTGTCCTGG-1,19288,12679
CCTATGAAGTGGTGCC-1,12986,21243
CCTATGGCTCCTAGTG-1,19284,8617
CCTATGGGTTACCGTC-1,10961,15152
CCTATGGTCAAAGCTG-1,20804,14998
CCTATGTCCACTCCAC-1,19293,18481
CCTCACCAATCTTGAC-1,7928,10223
CCTCACCTGAGGGAGC-1,10713,19939
CCTCACCTTAGCATCG-1,10460,19214
CCTCCCGACAATCCCT-1,5912,14286
CCTCCGACAATTCAAG-1,11966,9929
CCTCCTGAGCCCACAT-1,13224,6302
CCTCCTGTTGTGTCGT-1,19293,19061
CCTCGAAGTGGACGGG-1,7428,15445
CCTCGCCAGCAAATTA-1,8185,15880
CCTCGCGCGATATAGG-1,8945,18925
CCTCGGACCGGGATAG-1,13992,17470
CCTCGGATGCTACCTG-1,11710,6593
CCTCTAATCTGCCAAG-1,9447,15734
CCTCTATCGATTAGCA-1,16760,8910
CCTCTCTCCCATCTAG-1,12219,10364
CCTCTGGCCTAGACGG-1,7428,16026
CCTCTGTACTATTCTA-1,17017,13986
CCTGAACGATATATTC-1,12982,17471
CCTGAATATTTACATA-1,9447,15444
CCTGACCACCGATGGT-1,14998,13988
CCTGCCCGTTGTCTAG-1,12467,6448
CCTGCGTTCTACGCTT-1,11711,7174
CCTGCTATTTGAGAAG-1,10201,12397
CCTGGAAACGTTCTGC-1,13491,21532
CCTGGCTAGACCCGCC-1,10957,11381
CCTGTAAGACATGATA-1,12976,11089
CCTGTACTCACGCCCA-1,13731,8622
CCTGTCACCCGGGCTC-1,10961,14862
CCTGTCCCTCACGTTA-1,12734,21678
CCTGTCGCCCGTAAAT-1,12727,14135
CCTGTTTGAAGACACG-1,18284,18772
CCTTCGTATAGAATCC-1,21056,13983
CCTTCTTGATCCAGTG-1,8437,15735
CCTTTAAGGGAGCACT-1,18278,12390
CCTTTCAATGAAGAAA-1,9955,18924
CGAAACATAGATGGCA-1,6419,16317
CGAAACGCAATTCATG-1,13985,9927
CGAACAGTATGGGCGT-1,16265,19064
CGAACCCGCATGCGTC-1,16006,12247
CGAACGCCCAGTGCCG-1,7175,15301
CGAACGGCCGGACAAC-1,15497,7315
CGAAGCTATAAATTCA-1,8442,20376
CGAAGTTGCTCTGTGT-1,11966,10219
CGAATGACGCATAATG-1,19541,13404
CGACAATTTGATCTAA-1,14498,18920
CGACACGCTCCGACAG-1,15255,18775
CGACAGTTCGCGTTAT-1,12724,11234
CGACATGCGATCTTCT-1,5660,14432
CGACCCTTAACGCCGG-1,15749,6880
CGACGCATCCGTACCT-1,16253,6589
CGACTCAGGATGTTAT-1,9449,18055
CGACTTTGTATAGCCT-1,11976,20953
CGAGACCCTAGAGTGT-1,14493,13989
CGAGAGATGTGAACCT-1,10961,15732
CGAGAGCTTTCACTAC-1,19797,17900
CGAGAGGGTAGCCGCG-1,17780,20223
CGAGCACTTCAAGTTT-1,9441,8771
CGAGCGTTGATCAGCC-1,6667,11820
CGAGCTGGGCTTTAGG-1,7932,14865
CGAGGCTAAATATGGC-1,10961,15442
CGAGGGACTGCGGTCG-1,13234,16456
CGAGGGTATCCAGGTG-1,19793,13839
CGAGTACTAAAGAGGA-1,14995,10217
CGAGTGAAGGTACCAG-1,17518,9344
CGAGTGCTATAGTTCG-1,6161,10660
CGAGTTCTGTCCCACC-1,10458,17473
CGAGTTTATCGGACTG-1,12983,18632
CGATACCTCGCGGACA-1,13734,12104
CGATCCGACCCAGTGC-1,13230,12394
CGATCCTCGCAACATA-1,20296,10937
CGATCTGTTGGAGGAC-1,15246,8621
CGATGGACCCTACGCC-1,9198,19070
CGATTAAATATCTCCT-1,17775,14131
CGATTCGCCTGGCTGC-1,18028,15726
CGCAAACACGAGTTAC-1,10452,10511
CGCAATTACTTTCGGT-1,9442,9932
CGCAATTAGGGTAATA-1,10705,11526
CGCAATTCTACAATAA-1,10198,9206
CGCACATGTCCACTAC-1,13487,17761
CGCACGTGCGCTATCA-1,13489,19501
CGCAGAAACATTTGCG-1,5659,13561
CGCAGGCGATCCAAAC-1,16770,19934
CGCATGGTGCGATGCT-1,13737,14714
CGCATTAGCTAATAGG-1,10455,13412
CGCCAAGAAGCCGAGT-1,13478,7607
CGCCACAGGTCGCGAT-1,16001,6444
CGCCATCCGATTATGA-1,9700,16749
CGCCCAGCGTTTCACG-1,20050,18045
CGCCCGCTTCCGTACA-1,8186,16750
CGCCGCCCATGCCTGT-1,13487,17181
CGCCTCCCTCCTCTAT-1,14495,15729
CGCCTGGCCTACGTAA-1,13984,9057
CGCGACCGCGACAGAT-1,18534,16886
CGCGAGTCTGCCGGGT-1,16760,8039
CGCGCAAATGTCCAGA-1,17770,8619
CGCGCATGTTTGATTG-1,16259,12972
CGCGCCCGACTTAATA-1,8943,16024
CGCGGCTCAACTTGAA-1,14498,19210
CGCGGGAATTAGGCAG-1,10710,16748
CGCGTTCATGAAATAC-1,10454,12542
CGCTACGGGACATTTA-1,13230,12104
CGCTAGAGACCGCTGC-1,13489,19792
CGCTATACCGCCCACT-1,7171,10369
CGCTATTCAATGTATG-1,8432,9642
CGCTATTCTTAGGCTC-1,13231,13845
CGCTCGACATAATGAT-1,8939,11673
CGCTCTCCGTAGATTA-1,11966,10510
CGCTGGTGACTACCCT-1,15760,19354
CGCTGTGACGCCGCAC-1,9948,11962
CGCTGTGTGGATGTTG-1,18529,11374
CGCTTAGTATTGATAC-1,20297,12678
CGCTTATTCCCGGTCG-1,14237,9492
CGCTTCCACTGAAATC-1,8181,11238
CGCTTTCATACCGGTG-1,7172,12400
CGCTTTCTTGCATTCG-1,11468,17473
CGGAACGTAAACATAG-1,15501,11667
CGGAGCAATTTAATCG-1,17270,13841
CGGAGCATGGCGATCC-1,13485,14860
CGGAGCTTATAACACC-1,6168,17622
CGGAGTTTGAGAGACA-1,11209,10075
CGGATCCTCAAGGACT-1,18787,16741
CGGCAAACATCGTGCG-1,16766,14712
CGGCAGGGTCGGGTTG-1,11721,18778
CGGCCACGCACAAAGT-1,12474,13700
CGGCCAGAGCGACCAT-1,20549,12242
CGGCCCAACCTGTAGT-1,10714,21390
CGGCCCAGGTATATCC-1,14499,20371
CGGCGCCATCAATCCC-1,18536,18627
CGGCTCTAAAGCTGCA-1,15257,21095
CGGCTTTGTATGATAA-1,5659,13271
CGGGAATATAGTATAC-1,15509,20370
CGGGAATTTATGTAAA-1,14999,14568
CGGGAGCTTCAGTGTA-1,16012,18339
CGGGATCAATGTAAGA-1,9445,13703
CGGGCAGCTAAACCGC-1,11716,13266
CGGGCCTTCTTTGTAA-1,13988,13119
CGGGCGATGGATCACG-1,21057,16013
CGGGTGTACCCATTTA-1,11720,17617
CGGTACTAGAATCAAA-1,14496,17180
CGGTAGAGGTGCAGGT-1,9197,18490
CGGTCAAGTGGGAACC-1,10205,16748
CGGTCCGTCGCAAGCC-1,19540,12533
CGGTCTATCAACCCGT-1,8186,17040
CGGTGAAGACTAAAGT-1,12469,8478
CGGTGCAGATAGAACG-1,14238,10362
CGGTGCGCGTTGGTCC-1,16005,10796
CGGTGGGCTCCAGCCT-1,7431,19507
CGGTGTACTTGATCCC-1,7927,9643
CGGTTATCCAACAGTG-1,11217,19358
CGGTTCAAGTAGGTGT-1,9703,19360
CGGTTGACCTGGCATA-1,13479,8768
CGTAACTTCGACACTT-1,20802,12387
CGTACCTGATAGGCCT-1,9194,15009
CGTAGCGAATTGTCAG-1,6923,15446
CGTATTAAGAGATCTA-1,11716,12976
CGTCAAGGCTATAAAT-1,11206,7174
CGTCACGTCCATTGGT-1,15502,12537
CGTCGCATGTGAGCCA-1,20048,16304
CGTCGCTTGGTTATAC-1,19537,8762
CGTCGGATAGTGTTGA-1,12226,19067
CGTCGGGTCTAAGCGC-1,17265,8329
CGTCGTCCTTCGCGAA-1,17776,16161
CGTCTGGAAGGGCCCG-1,7679,14140
CGTGAAGTTAATTCAC-1,13736,13264
CGTGACATTGGGTCGT-1,7429,17186
CGTGACCAGTCCTCTG-1,19540,13114
CGTGCAGACTGGGACA-1,13738,15875
CGTGCATTGTCGACGC-1,13480,9638
CGTGCCCTCCCGAAGA-1,14495,16309
CGTGCTTCTACCTAAA-1,19285,9197
CGTGGCCGAATATCTA-1,15508,19790
CGTGGTACCCAAAGGC-1,20296,11227
CGTGTCCCATTCGCGA-1,10705,10946
CGTGTCTCGTTACGAC-1,18781,10068
CGTTAAACTAGTTAGG-1,16014,21240
CGTTAATGTCCCGACG-1,18535,17756
CGTTAGCTCACAACTG-1,7178,18202
CGTTCAGACCCGCGAA-1,20046,13984
CGTTCATGGTGCGCGT-1,15750,8040
CGTTGAATACCGCGCT-1,18029,16306
CGTTGAGCGACCGTCG-1,14747,15874
CGTTGTAAGATTGATT-1,10209,20810
CGTTGTCGGCAATTGA-1,19794,14709
CGTTGTTTCAATTCCC-1,12219,10944
CGTTTAAGCGGAGCAC-1,6921,13705
CGTTTCACTTCGGGCG-1,8188,18491
CGTTTCGCTCATTACA-1,12473,12250
CGTTTGTGTAGAGGGT-1,17519,11085
CTAAAGAATGCCTACT-1,12723,10364
CTAAAGGGAAATAGGA-1,14746,14133
CTAAATCCGGTGTACA-1,19033,10213
CTAAATCCTATTCCGG-1,10206,17329
CTAACCGCGCGCCCGT-1,12976,10218
CTAACGAAACTTGCTG-1,11217,18778
CTAACTGATAATCGCC-1,18285,19932
CTAACTGGTCCGGTTC-1,16257,10361
CTAAGGGAATGATTGG-1,14747,15584
CTAATTCGCACGCGCT-1,10704,10075
CTAATTCTCAGATATT-1,10461,20375
CTAATTTCAACAACAC-1,8936,9062
CTACACTCGCAGATGG-1,18032,19787
CTACCCTAAGGTCATA-1,11469,18343
CTACGACTAGCTATAA-1,13227,8623
CTACGCACGGAGTACC-1,12474,13410
CTACGCCATTTCCGAT-1,6672,16752
CTACTATCATAGGTTT-1,17013,8764
CTACTATCTTTCAGAG-1,10964,18633
CTACTCAAGGTATAGT-1,18782,11229
CTACTCTAGGCCCGGC-1,11460,8769
CTACTGCCACCTGACC-1,10455,14282
CTAGATGTGAGTGTAA-1,11975,20083
CTAGATTTACGACGGC-1,14243,15874
CTAGCATAGTATAATG-1,12222,14716
CTAGCCGATGTTATGA-1,9451,19795
CTAGGCGCCCTATCAG-1,16516,18338
CTAGGTCTGAAGGAAT-1,12732,20227
CTAGGTTCGGACGTGA-1,18280,15291
CTAGTAGAAAGGGATT-1,19544,16885
CTAGTATTCGGAATTA-1,7176,16751
CTAGTCACGTCTTAAG-1,12980,15150
CTAGTGAAGGACAGGA-1,12219,10654
CTAGTTACAACCCGGT-1,17018,14857
CTAGTTGGGCCCGGTA-1,10204,15008
CTATAAGAGCCAATCG-1,10208,19649
CTATCGACGAAATACA-1,17021,18628
CTATCGGGTCTCAACA-1,12475,15151
CTATGCCCGAATGCAA-1,19541,13694
CTATGGGAAGCGGAAT-1,17275,20223
CTATGTCACTAGCCCA-1,11213,14717
CTATGTCTATTGAAAC-1,6416,13125
CTATTCATGTGTCCCA-1,16765,14132
CTATTTGGTTACGGAT-1,12729,17036
CTCAAACCACTGCCCG-1,19791,10938
CTCAACTAACCCGGAT-1,19544,17465
CTCACATTTACTAAAT-1,19290,15000
CTCACTGTGATACTTA-1,19543,16015
CTCACTTGGCTGGTAA-1,13732,8912
CTCAGGACTCACCTGT-1,7675,9498
CTCAGTCACGACAAAT-1,9702,19070
CTCATGGCTCACAATC-1,6922,14285
CTCATGGTAATTTGCG-1,16256,8910
CTCATTGCTCTAACAA-1,18786,16451
CTCATTTGATGGGCGG-1,9193,14138
CTCCCTCCTTTCGATC-1,16508,8475
CTCCGGCCTAATATGC-1,8436,13704
CTCGAGGTCGAACAGT-1,10960,13702
CTCGATATTTGCGAGC-1,9450,19505
CTCGCACCTATATAGT-1,9699,15008
CTCGGGTTCTCTGGCC-1,19032,9053
CTCGGTACCACTGCTC-1,13991,16890
CTCGGTCCGTAGCCTG-1,8182,12399
CTCGGTTGTCGGCCCT-1,17770,8909
CTCGTTTCTAATGTTT-1,9199,20231
CTCTAATGCATTGATC-1,9704,21100
CTCTACACTGGCGATT-1,14488,7606
CTCTATTTGGCTGCAG-1,15756,15003
CTCTCACAATCGATGA-1,11718,15297
CTCTCTAACTGCCTAG-1,18022,8183
CTCTGGACGCCTGGTG-1,11717,14136
CTCTGTTTGAGGATTC-1,7175,15591
CTCTTCTATTGACTGG-1,15256,19645
CTCTTCTGGAAGTTAG-1,19286,10938
CTCTTGTCCCGCTTGG-1,17269,13551
CTGAAAGAGATCCGAC-1,8437,15154
CTGAATCCGAGACCTC-1,15502,12827
CTGAATTTATTGCCAG-1,9199,20521
CTGACTGCGCAGCTCG-1,11470,19793
CTGAGCAAGTAACAAG-1,7422,8773
CTGATAGTGTATCTCA-1,11711,7464
CTGCACAACTACATAT-1,16262,16163
CTGCACCTGGAACCGC-1,7425,12254
CTGCACTCCAGTACAG-1,17271,15292
CTGCCAAGGTTGGAAG-1,8943,16314
CTGCCATGCATCACAT-1,13736,14134
CTGCCTTTAATACCTT-1,19789,9197
CTGCCTTTCTAGTAAA-1,19545,18626
CTGCGGGTGAAATGTT-1,11460,8479
CTGCGTTACGATATAA-1,7683,18201
CTGCTGAGGCCACGAA-1,16004,10216
CTGCTTGGCGATAGCT-1,17019,16017
CTGGAAATGGATGCTT-1,10959,12831
CTGGAAGACACGGTGG-1,16264,17903
CTGGACGCAGTCCGGC-1,16506,7024
CTGGATTTACACTTGA-1,16007,13117
CTGGCATCCGAATGAG-1,15751,8911
CTGGCGACATAAGTCC-1,7934,16896
CTGGCGCACAGGTCTG-1,12983,18051
CTGGCGGGAATAAGTA-1,8683,8337
CTGGCTGATTCATCCT-1,14750,19065
CTGGCTGGTTGTCAGT-1,17269,13261
CTGGGATAAATAATGG-1,13234,17326
CTGGGCCTGCTATATC-1,14742,9492
CTGGGTAGGCAGTTAA-1,14496,16599
CTGGTAACACATAGAA-1,14244,17905
CTGGTAACGAGCTCTT-1,10965,19214
CTGGTTTCGAGCAAGA-1,15254,17904
CTGTAGTGAGGATCGA-1,21053,11372
CTGTATGGTGTAGAAA-1,8685,9787
CTGTCAAATGGCTCGG-1,9448,17184
CTGTGCAGGGTAGGTC-1,14242,15294
CTGTGGTCGGGAGATA-1,17526,18047
CTGTTACCCAATCTAG-1,15755,13552
CTGTTCACTGCCTGTG-1,9192,13268
CTGTTCATCTCACGGG-1,9190,10077
CTTAACTTCGAAGTAC-1,6417,14286
CTTACACGGTATTCCA-1,11463,11670
CTTACACTGGGAAATA-1,7677,12109
CTTAGCCTTCCACATG-1,9195,16459
CTTAGTAGGCCTACAG-1,11722,19938
CTTAGTGTAGTAGCAT-1,19039,17176
CTTATGCGCTCAGGGC-1,14487,6736
CTTCAACTCCACTTGG-1,18534,16306
CTTCAGTGGTCGCCTA-1,17264,7749
CTTCATAGCTCAAGAA-1,8433,10513
CTTCATTGTCAGTGGA-1,12726,13845
CTTCGGCCAATTGTTT-1,16267,21095
CTTCGTAGATAGGTGA-1,13482,11669
CTTCTATGTTGAAGTA-1,15246,9201
CTTCTATTAATGCTAG-1,16511,11956
CTTCTGGGCGTACCTA-1,20295,10067
CTTCTTACGTCGTATA-1,7174,13850
CTTGACCCGAAAGATA-1,5911,13416
CTTGAGTTAGGGTAAT-1,13488,18631
CTTGCAACCGCCTCCT-1,14489,8767
CTTGCCCAGGCTCTAC-1,14997,13118
CTTGGCCAAGCTGGGA-1,19036,13404
CTTGTACTTGTTGACT-1,8939,12543
CTTGTCAACATTCGAG-1,16261,14712
CTTGTGAGTCTTTGAC-1,6161,10080
CTTGTGCTCACCGATT-1,9197,18780
CTTGTTGCTGAGTCAA-1,13234,16746
CTTGTTTATGTAGCCA-1,8179,9207
CTTTAACTTTCAAAGG-1,9446,14863
CTTTAATATTGGTCGA-1,16514,15727
CTTTACCGAATAGTAG-1,16263,17323
CTTTAGGAACACTGTT-1,13992,17760
CTTTAGTGCTATTATT-1,14746,14423
CTTTCTGTGCGGGCTT-1,17270,14711
CTTTGCATCGCTCTTG-1,18788,18771
CTTTGGCGCTTTATAC-1,11711,7754
CTTTGGCTTTAGTAAA-1,11714,10945
CTTTGGGATTGTTGCA-1,19287,11518
GAAACAGATGACCACC-1,13740,18486
GAAACAGCCATGCAGT-1,6922,13995
GAAACATAGGAAACAG-1,18779,8037
GAAACCATGGTGCGCT-1,10461,20955
GAAACCGAATTACCTT-1,14997,12538
GAAACTCGTGCGATGC-1,10703,8625
GAAACTCTAATGAAGG-1,6923,15736
GAAAGAACAGCGTTAT-1,12984,20082
GAAAGCCCTTTGGACC-1,12469,8188
GAAAGTGACTAACTGC-1,9946,9641
GAAATACTAAACGTTT-1,8178,8337
GAAATATCACCATCAG-1,11964,8479
GAAATCGCGCGCAACT-1,8184,15010
GAAATGGCGGTGTTAG-1,11211,12686
GAAATTAGCACGGATA-1,8188,19071
GAAATTCACATCGCTG-1,6920,12255
GAAATTGTCTCTATAA-1,14492,12828
GAACACACATCAACCA-1,9192,12398
GAACAGATTACTAAAT-1,18028,15436
GAACCTCGACCTACAC-1,13982,6446
GAACCTTTAACGATCC-1,19544,16595
GAACGACCGAATGATA-1,8436,14284
GAACGTCTCATGGTCG-1,11468,17763
GAACGTTAGGAAGACG-1,11963,7318
GAACTGTGGAGAGACA-1,20804,14708
GAAGAAACGATATTGT-1,18527,9343
GAAGAACGGTGCAGGT-1,7171,10949
GAAGCCACTGATTATG-1,20047,15144
GAAGCCTGCACATTCC-1,19036,13984
GAAGCGTGAGGAATTT-1,12222,13846
GAAGCTCGGACCCGTC-1,17517,8184
GAAGCTTGCTGACCGC-1,10956,10220
GAAGGAGTCGAGTGCG-1,20298,13838
GAAGTCAGTTGCACTA-1,16765,13551
GAAGTCTCCCTAGCGA-1,12983,18342
GAAGTGATTTATCGTG-1,13482,11959
GAAGTGCTGGATAGCT-1,7426,13995
GAAGTTTCCACTCAAT-1,12725,11814
GAATAGACGCGACCCA-1,14245,18485
GAATAGTGCTCGATTA-1,18781,10358
GAATATTCGGAGTCCC-1,6924,17187
GAATCGACATGGTCAC-1,10200,11236
GAATCGCCGGACACGG-1,6414,11095
GAATCTGAACATTCTC-1,14241,14424
GAATGCGAATCGGTTC-1,19542,15144
GAATGTATGGCAGGTC-1,7430,18347
GAATGTGGTCCGGATT-1,14496,16890
GAATGTTGGGTAATCT-1,9447,15154
GAATTATAGTGAAAGG-1,12223,15006
GAATTCACCCGGGTGT-1,15502,13117
GAATTTCTCGCTGCAG-1,10703,9495
GACAAACATATGCAGG-1,14751,19645
GACAACGACCATTGAA-1,9952,16313
GACAACGCAGCTTACG-1,8687,12978
GACACAAGGGAAGAAA-1,11214,15587
GACACGAGTTAGAGGA-1,8431,8772
GACACTGAGTTCAGTG-1,14744,11812
GACAGCCAGACCTGAC-1,14244,17615
GACAGGCACACACTAT-1,13226,8333
GACATCCGTCGAACTG-1,20047,15434
GACATCGATTTATAAC-1,16763,12391
GACCAGAGCCCTGTAG-1,11463,11961
GACCCAATTATGATAC-1,17264,8039
GACCCGTCGCCGGCTA-1,5912,13706
GACCGACGTGAAAGCA-1,13238,21387
GACCGACTGAAGCGTC-1,12217,8333
GACCGTCAGGTCGTGA-1,6924,16896
GACCGTGCTGACGGTG-1,13735,12684
GACCGTTACATGCGAC-1,13224,6012
GACCTTCCACGTCTAC-1,20300,15869
GACGACGATCCGCGTT-1,16766,15292
GACGAGGCTAATAAAC-1,17780,19643
GACGCCGTAAAGGCTA-1,17269,12971
GACGGTCAATAGAAGC-1,11217,19649
GACGTGTAGGGATTAT-1,10704,9785
GACTAAGATCATGCAC-1,9444,12833
GACTAAGTAGGCTCAC-1,10453,11381
GACTACAAAGCGGTGG-1,16002,8185
GACTAGGCCGTTAGGT-1,20301,16449
GACTCACCCACGTGAG-1,13237,20517
GACTCCCAGAATAAGG-1,10462,21245
GACTCGCGGGAATGAC-1,10712,19069
GACTGCAAATCGAGCT-1,18533,16016
GACTGCACCAGCCCAG-1,15253,16744
GACTGCGGCACGTGTA-1,10449,7320
GACTGCTGGTGAGAAA-1,20548,10792
GAGACTGATGGGTAGA-1,10707,13267
GAGACTTCGCGACCGA-1,17017,13406
GAGAGGGCGCGAGGTT-1,13229,10944
GAGAGGTGCATTCTGG-1,14741,9202
GAGATCTGCTTGGCAT-1,12220,11525
GAGATCTGTCACTCCG-1,11214,15877
GAGATCTTCCATGACA-1,15000,16309
GAGATGGGAGTCGACA-1,16766,15582
GAGCATCAACAACTTG-1,19790,9487
GAGCATCATCCCTGGG-1,6666,10949
GAGCCACGGTAGTAGG-1,5910,11966
GAGCCAGCTACCTGTG-1,17021,18048
GAGCGAGGGAGTACCG-1,7174,13560
GAGCGCAAATACTCCG-1,16519,20659
GAGCGCGCACGAGTAG-1,16012,18629
GAGCGCTGTTAGGTAA-1,19031,8472
GAGCGGAATGCGGTGT-1,20801,12097
GAGCTAAGGGCATATC-1,10963,17183
GAGCTCTCGGACCTAA-1,7423,9933
GAGGAATGGAGAGGTT-1,10451,9641
GAGGATAAACAGTGCT-1,13743,21677
GAGGCCCGACTCCGCA-1,17517,8474
GAGGCTATCAAAGTCG-1,12470,9059
GAGGGAGTCAGATCGC-1,20043,11082
GAGGGCATCGCGTATC-1,6413,9934
GAGGGCGCAGCTCTGC-1,10459,18054
GAGGGTAGTAACAAAG-1,19537,9632
GAGGTACATCCATCTT-1,6670,15011
GAGGTACGCGTGTCCC-1,20552,14853
GAGGTCCCAAAGATCT-1,8179,8917
GAGTAAGGCCACGGGA-1,15749,7170
GAGTACGGGTATACAA-1,7424,11384
GAGTAGATACTAGTTG-1,19289,14419
GAGTATGCCCGCCTTG-1,16005,11376
GAGTATGCGCGTGCAT-1,19543,15435
GAGTCCGCTTACCGGA-1,15250,13553
GAGTGTCAACCAGAAA-1,19544,17175
GAGTGTGCGGTACCCA-1,14749,17905
GAGTTGATGGCAATTT-1,16507,7894
GATAAATCGGTGGATG-1,7424,11094
GATAACTCGCACTGTG-1,13487,18051
GATACGATGGGAGTCA-1,14996,11667
GATAGGTAACGTTGAC-1,15755,13842
GATAGTGCGAGTAAGT-1,20801,11517
GATATCTCATGCAATA-1,6669,13560
GATATGAGACACTAAC-1,13486,16891
GATATGCGGTAGCCAA-1,8440,18346
GATATGGATTACGCGG-1,10702,7755
GATATTTCCTACATGG-1,7935,18056
GATCAACATAAAGGGA-1,19286,10358
GATCATTCCAAACATT-1,11212,13266
GATCCCTTTATACTGC-1,10707,13847
GATCCGGGAATTAACA-1,13485,15730
GATCCTAAATCGGGAC-1,10460,18924
GATCCTCGACACTGGC-1,16256,9780
GATCGACACTATCTGA-1,10453,11961
GATCGCGGGCTCTCCA-1,12725,12685
GATCGCTACCCGATTT-1,16265,19354
GATCGCTATATCTCAG-1,19032,8762
GATCGGATAGAACCAT-1,13982,7026
GATCGGTGGCCATAAC-1,10708,15007
GATCGTGACTGATATC-1,13233,15585
GATCTGCTATCTAAGG-1,19288,13259
GATCTTGGAGGGCATA-1,14747,15294
GATCTTTGCAGGGTAT-1,12724,10654
GATGACAAGTAGGGCA-1,18023,9924
GATGAGGAACCTTCGG-1,20553,16884
GATGCGTCCTGCATTC-1,12978,13410
GATGCTACAAGCGCCT-1,7930,12544
GATGCTGTATTTCATC-1,14495,16019
GATGGCGCACACATTA-1,8432,9352
GATGGTGCCCTAGGCA-1,6167,16462
GATGTAACGAACCACC-1,16507,8185
GATGTCGGTCAACTGC-1,5914,15737
GATGTTCAATCCACGA-1,13986,11378
GATGTTTGTGCGAGAT-1,8684,9497
GATTAACCGAAAGCCC-1,17526,18628
GATTCCCTTGTCGCAG-1,9951,14863
GATTCCTATACGGCGC-1,9945,8481
GATTCGACGGTTCACG-1,13990,15440
GATTGCTCCAGTTGCA-1,19537,9052
GATTGGGAAAGGTTGT-1,20301,16739
GCAAACCCTACATTAT-1,15758,17034
GCAAACCTTGGCCATA-1,18028,14856
GCAAATATTACGCTTT-1,12472,11089
GCAACACACTAGAACT-1,15245,7460
GCAACAGCAGTATGCG-1,15256,20515
GCAACCACCAGACCGG-1,7178,18492
GCAACCACGGCCGCGT-1,14489,9347
GCAACGGCTAGTTATG-1,14500,21531
GCAAGAATTCCTTGGC-1,14742,10362
GCAAGTGCACAGAGAA-1,9695,11237
GCAAGTGTAAAGCATG-1,20549,11662
GCACAAACGAGGCGTG-1,15257,21676
GCACAAGTGTCGGAAG-1,6165,14431
GCACACACTGGTAGCC-1,17779,18772
GCACACGCCCATGGTC-1,12215,6593
GCACGCCTACTTAGAT-1,17519,10795
GCACTGCCTACCTTTA-1,20299,14999
GCAGACCCAGCACGTA-1,13489,20082
GCAGATTAGGGATATC-1,12979,13990
GCAGCACACAGCCCAG-1,13229,11234
GCAGCCTATATCACAT-1,12481,21533
GCAGGAACTTAGATCT-1,17011,7314
GCAGGACTATAGAATA-1,12471,10509
GCAGGTAGAGTATGGT-1,8188,18781
GCAGTGTGGCTATAGG-1,18535,17176
GCATACGAGGTCTTTA-1,13225,7172
GCATAGAGCACTCAGG-1,12979,13700
GCATCCCTAACTTTGA-1,7676,11239
GCATCGGCCGTGTAGG-1,16013,20079
GCATGAGGGACGCGGC-1,11216,18198
GCATTCAAGGCAACGC-1,10714,20809
GCATTCGAAATGAACA-1,10701,7174
GCATTGTAATTCATAT-1,13983,8187
GCATTTCCAAGGCTCC-1,11976,21243
GCCAACCATTTCCGGA-1,10209,20520
GCCAAGAATACTTCTG-1,15244,6590
GCCAATAGGGCATCTC-1,9956,20085
GCCACAATTTAAGGAC-1,14995,10797
GCCACTCAGAGCGCGA-1,18536,18917
GCCAGGAGTAACCGAT-1,8944,18055
GCCATATTGCACACAG-1,9197,18200
GCCATCGAGCTGCGTG-1,17015,11955
GCCATCGATGCTGCAT-1,11723,21099
GCCATTAGCCTCAAAC-1,17516,7023
GCCCACCAAGGCTGTC-1,6666,10659
GCCCAGTTGGTATGCC-1,9190,10657
GCCCGACTTCTTCCCG-1,16003,8765
GCCCGATCTGTGGTCG-1,17018,14276
GCCCGCGCGTAAACGG-1,16005,11086
GCCCGCGCGTTTGACA-1,8686,10948
GCCCGTAATACCTTCT-1,10457,16603
GCCCTAGCCGTCGCGA-1,17264,7459
GCCCTGAGGATGGGCT-1,20805,15869
GCCGAAATTCCTACGT-1,12472,11669
GCCGACCCACGACTGC-1,19285,9488
GCCGATTGGCCAAGCT-1,13989,13989
GCCGCATTAGTCCGGC-1,12468,7608
GCCGCTTGTGAGAAAC-1,12724,10944
GCCGGGTTAGGGTCGC-1,13988,13699
GCCTAGCGATCTGACC-1,8686,11238
GCCTATAGTGTCAGGG-1,10964,18343
GCCTATTCCGATATAG-1,9694,9496
GCCTATTTGCTACACA-1,5658,12401
GCCTCATCTGGAAATA-1,13993,18921
GCCTCCGACAATTCAC-1,18789,19352
GCCTCTATACATAGCA-1,17524,16017
GCGAAACTTAACTGGA-1,14748,17034
GCGAAGAATCTGACGG-1,20301,17320
GCGAAGCCATACCCGT-1,11465,13991
GCGACCCAACCATCTG-1,18528,9923
GCGACGATAGTTGTAC-1,15754,12972
GCGAGAGTTGCGTCCA-1,11975,20663
GCGAGCGCATGCTCCC-1,12985,20952
GCGAGGCCCGAGCAGA-1,12977,11959
GCGAGTTCTGCAAAGA-1,12474,14280
GCGATTCTGGAAGCAG-1,6166,15882
GCGATTGTTAACGTTA-1,12981,16311
GCGCAAATATATTCAA-1,18275,9198
GCGCAAGAGCGCGCTG-1,13741,19646
GCGCATCCAGTCAGCA-1,10964,18924
GCGCCGTTCCACGATA-1,13989,14569
GCGCCTCCCACTCCGA-1,15762,21095
GCGCGGTCTAGTAACT-1,20803,13838
GCGCTAATTGAATAGA-1,12223,15296
GCGCTATGCCGAGGCA-1,14492,11958
GCGCTGATCCAGACTC-1,7935,17766
GCGCTGCTTTGCATTT-1,10712,18779
GCGCTTAAATAATTGG-1,18031,18047
GCGGACCGCGTTGTGG-1,16510,11376
GCGGAGAAACTTCGCA-1,17518,9924
GCGGAGAGGGAGAACG-1,15253,16454
GCGGCAAAGTATTGCC-1,18527,9053
GCGGCTCTGACGTACC-1,13228,10653
GCGGGAACCAGGCCCT-1,8182,12109
GCGGTCCCTAGACGCA-1,6919,11674
GCGGTGAACTGCGCTC-1,8693,18781
GCGGTTCCCTATCATG-1,15501,12247
GCGTAAATGGCCATAA-1,12227,19938
GCGTCGAAATGTCGGT-1,7932,14575
GCGTCGCCAGGGTGAT-1,17270,14131
GCGTGGTACTGGGTTA-1,12479,18922
GCGTTATATTTGGAAC-1,11458,7029
GCGTTCGGAGACCGGG-1,8441,20086
GCTAAACCTGAGGTGA-1,9441,8481
GCTAACTGAAGTCTGA-1,18283,17902
GCTAAGTAAAGGCGAT-1,10449,7030
GCTAAGTAGTTTCTCT-1,12224,16747
GCTAATACCGAATGCC-1,8939,11963
GCTACAGTACGGACCG-1,13730,7172
GCTACGACTTATTGGG-1,14494,15149
GCTACTATAGTAGAGT-1,16264,18774
GCTAGACCGTCTACTG-1,14247,20226
GCTAGAGTAGAGATGT-1,17779,19062
GCTAGCTTGAATAGCT-1,16763,11521
GCTAGGCACCACGGAG-1,17273,17322
GCTAGTAGAGCTTGTA-1,13484,14570
GCTAGTTTCATTGAGG-1,7928,10513
GCTATACGTCTCGGAC-1,16768,17903
GCTATCGCGGCGCAAC-1,8683,8627
GCTCAATCCGTTTATT-1,17014,10215
GCTCAATGTAATACCG-1,19288,13549
GCTCATTACTGCATGT-1,6926,18637
GCTCCATGCAAAGCAA-1,21055,13112
GCTCCCAGTCGGTCCA-1,14500,20951
GCTCCGCTCGCTTCAG-1,14248,21386
GCTCCTGACATACTGG-1,17771,9779
GCTCGGAATTTAAAGC-1,9196,17330
GCTCTAAACCCTGACG-1,9697,13558
GCTCTATGTTACGTGC-1,10200,10946
GCTCTCGGGTACCGAA-1,10202,13557
GCTCTTTCCGCTAGTG-1,19793,12968
GCTGAATCTTCCAATC-1,18527,8473
GCTGAGGCGTGAGTAT-1,13737,14424
GCTGCACGGTTTCTTA-1,13990,15730
GCTGCTACTGCGTAGC-1,16514,16017
GCTGCTCTCCGGACAC-1,11465,14281
GCTGGCATATTCACCT-1,11461,9640
GCTGGCGGCGCATGCT-1,17270,14421
GCTGTATTACTGGCCC-1,15248,10652
GCTGTTGCTACCGAAC-1,13488,18921
GCTTAATGTAACTAAC-1,14244,17325
GCTTACGTAGTTAGTA-1,12733,21388
GCTTATGAAGCAGGAA-1,12478,18052
GCTTCCGTCCCTAGAC-1,10962,16313
GCTTGATGATAATCAG-1,9190,10367
GCTTGGATCGATTAGG-1,11469,19213
GCTTTCAGAGGAGGTG-1,11974,18923
GGAAACCTTGTTGAAT-1,8694,20521
GGAAAGTGCCCATGCC-1,8692,18200
GGAACCGTGTAAATTG-1,16006,11956
GGAACCTTGACTCTGC-1,18526,8183
GGAAGCTCGCTTACAG-1,6420,17187
GGAATGCGCTAGCGTG-1,11720,17037
GGACACAAGTTTACAC-1,15509,21240
GGACCAACAGGATAAC-1,16513,14857
GGACCTCTAGGCCGCC-1,18275,9488
GGACTCGACAGCGCAT-1,20801,11807
GGACTCGTGAGTGGTC-1,19791,10648
GGAGAAGTCATTGGCA-1,9443,11092
GGAGACGACACCTTTG-1,14494,14859
GGAGCAACATTTCAAG-1,18032,20078
GGAGCACCAAGAACTA-1,10205,17039
GGAGCGAGGCCTACTT-1,20552,15143
GGAGGGCTTGGTTGGC-1,11719,16457
GGAGTGCCGCCCTGGA-1,8435,12834
GGATACTCATGAATTG-1,5910,11675
GGATCATCCCGTACGC-1,7936,19797
GGATCCGGAATATACT-1,12225,17037
GGATCTTACTGCCCTT-1,20043,10212
GGATCTTGACTCAACC-1,16507,7604
GGATGAAGATCGCTGA-1,14245,18776
GGATGACGCGAGTTTA-1,12977,11669
GGATGCTGGCGTTCCT-1,13478,7897
GGATGTCCTTACCGCA-1,12478,18342
GGATTCAGTACGGTGG-1,8432,9932
GGATTCCGCTATACCC-1,8439,16895
GGATTGCTGTGACTCC-1,18787,17321
GGATTTCACTTCTATA-1,11468,17182
GGCAAAGGCGCCAATA-1,17266,10070
GGCAAATTACTTTACT-1,13988,12829
GGCAAGCCCATAGTGG-1,20551,13983
GGCAAGGCGAAATAGC-1,14999,15149
GGCAATAGTCAATGAG-1,11213,15297
GGCACTCCACTGGGCA-1,12220,11815
GGCAGCAAACCTATGC-1,16518,20079
GGCATACAGGTAGCGG-1,12218,9784
GGCATATCGGTTCTGC-1,7934,17186
GGCCCTCACCCACTTA-1,12974,8478
GGCCGAGACTCTGGTG-1,19285,9778
GGCCGGCGTCTGCTAT-1,20048,16594
GGCCGTTTGGGTTTCA-1,18530,11664
GGCCTTTGCAACTGGC-1,12720,6302
GGCGAAATCTAACTTG-1,14497,17760
GGCGCAGGACATCTTC-1,12975,9058
GGCGCATGAATTGATG-1,14240,12973
GGCGCGGAGATCTTTC-1,18283,17611
GGCGCGTTCGAGTTTA-1,15503,13698
GGCGCTTCATTCCCTG-1,20552,15434
GGCGGAGTAATATTAG-1,11715,11815
GGCGGTAGGATCATTG-1,11466,15152
GGCGTAGGGAAAGCTG-1,19796,17030
GGCGTCCTATCCGCTG-1,11461,9930
GGCTAAAGGGCGGGTC-1,8441,19506
GGCTATTAAGTTGTAT-1,11967,11090
GGCTCCTCCACCTGTT-1,18528,10213
GGCTCGCGTTGAGGTA-1,11469,18633
GGCTCGTGCCACCAGC-1,8685,10658
GGCTCTGCTCCAACGC-1,10204,15588
GGCTGAAATAGCAAAG-1,16010,16598
GGGAACGGGAGGTTAG-1,13481,10508
GGGAACGGTTTCAGAT-1,19790,9777
GGGAAGACGGTCTGTC-1,19796,16160
GGGAAGGGCTTTCTCA-1,19545,17755
GGGACAGAGTTACTCC-1,18021,7893
GGGACTGCATAGATAG-1,11717,13846
GGGAGAACTCACAGTA-1,11717,14426
GGGAGGATGCCCGAAA-1,12978,12539
GGGAGTAATGGCTGGC-1,6162,11240
GGGAGTTAATGAGGCG-1,11971,16022
GGGATGGTCGTAACCG-1,15501,11377
GGGATTTACCGCACCT-1,14245,18195
GGGCAACCGCACGTGC-1,17517,7894
GGGCCCGTCTTAAACA-1,14240,12683
GGGCCCTACGAAAGGG-1,13225,7462
GGGCCGGCCGAAGTAC-1,12730,17326
GGGCCTAAATGGGCTA-1,14991,6445
GGGCGATATGTGTGAA-1,10707,13557
GGGCGGCAAATGAATT-1,16006,11666
GGGCGGGTTCCCTACG-1,14490,10507
GGGCGGTCCTATTGTC-1,7170,9208
GGGCGTACATTTATAT-1,9697,12977
GGGCGTCACCACGTAA-1,15754,12392
GGGCGTCCACTGGCTC-1,7682,17331
GGGCGTGGTTTCCCAG-1,19039,16886
GGGCTCATCGAACCCA-1,9954,18054
GGGCTGCCTAGGGCGA-1,11970,15151
GGGTACTTCATGAACT-1,12976,10799
GGGTATGTATGCACTT-1,10703,9205
GGGTATTCTAGCAAAC-1,17516,7313
GGGTCACCGTGACGGT-1,12472,11960
GGGTCAGGAGCTAGAT-1,20045,13113
GGGTCGTGGCAAGTGT-1,9956,20665
GGGTGACACCTTAACT-1,15250,13263
GGGTGCATATGAAAGC-1,11219,21389
GGGTGTTTCAGCTATG-1,7680,15010
GGGTTAACATTTGAGT-1,17268,12390
GGGTTTAGGATAGGAT-1,14499,20661
GGTAAATGTGCGTTAC-1,6419,16897
GGTAACCGGGAGGATA-1,18022,9054
GGTAACTATGTATCTG-1,6667,11530
GGTACAAACATGCTAT-1,13735,12974
GGTACATCTGGGACGA-1,13226,7752
GGTACCATTAAGACGG-1,10966,20374
GGTAGAAGACCGCCTG-1,17019,15437
GGTAGACCGTTGGGCG-1,17016,12826
GGTAGTGCTCGCACCA-1,12223,15586
GGTATAGTGACACATA-1,12229,21678
GGTATTGCCGAGTTTA-1,11968,12830
GGTCAAGACTACTTCG-1,17023,20369
GGTCAGTGGGTCCCAC-1,15755,14132
GGTCGGATAAACGGCG-1,9450,19215
GGTCGGCCAGGAGCTT-1,11720,17327
GGTCGGTAATTAGACA-1,6666,10369
GGTCGTAAGCTCGCAC-1,16002,7895
GGTCTCTGAATGGACT-1,16761,10070
GGTCTGAGAATCTGGA-1,11215,16748
GGTCTTGAGCGCTCTT-1,20047,14564
GGTGAAGTACAGGGAT-1,15500,10506
GGTGAGATGCAGATAA-1,7675,10368
GGTGATAAGGAGCAGT-1,12981,16601
GGTGCATAAATGATTA-1,20549,11952
GGTGCGGATAAGTGGC-1,7677,11819
GGTGCTGATCACAAAG-1,10450,8190
GGTGCTGGTACACATT-1,14239,11813
GGTGGACTGCTCTGGC-1,17525,17467
GGTGTAAATCGATTGT-1,21056,14563
GGTGTAGGTAAGTAAA-1,21307,12387
GGTTACCACCCTCGGG-1,14994,9927
GGTTAGCTATATGTCT-1,15506,17759
GGTTAGGCTTGGAGAA-1,10704,10366
GGTTAGTTACGGCGCC-1,10450,8480
GGTTCGGATTATACTA-1,13477,6157
GGTTCTACTCGTCTGA-1,13490,20372
GGTTGTGTAGCCTGGC-1,11963,7028
GGTTTACAATCTCAAT-1,9952,15733
GGTTTAGCCTTTCTTG-1,15256,19935
GGTTTGAGTGCTGGAA-1,6667,11240
GTAACTTGCGGCAGTC-1,6162,10950
GTAAGCGGGCAGTCAG-1,9446,14283
GTAAGGATTTGTCGGA-1,6165,15011
GTAAGTAACAGTCTGG-1,13739,17035
GTAAGTAGGGTATACC-1,10199,10366
GTAATAAAGGGCTCCC-1,11470,20084
GTAATCTGATTCTTCG-1,16258,11521
GTACACTTACCTGAAG-1,12727,14425
GTACAGAGGCAAGGGT-1,12982,17181
GTACGAGATTGCGACA-1,8940,13413
GTACGCTTCATTGCAC-1,15252,15583
GTACGTTTGCCCGTCA-1,14747,15004
GTACTAAGATTTGGAG-1,10454,13122
GTACTCCCTTATCGCT-1,12722,9203
GTACTCCTGGGTATGC-1,10208,19940
GTACTGCATGAAGCGT-1,6414,10805
GTACTGGAGTTAGACC-1,11972,16892
GTACTTGGGCACTTCT-1,7927,9933
GTAGACAACCGATGAA-1,5406,13126
GTAGACGTCGTTACAT-1,6919,10804
GTAGAGGGAGACAAGT-1,16509,9635
GTAGCCAAACATGGGA-1,16261,15292
GTAGCGGCTATACACT-1,13485,15150
GTAGCTCCGGGAGGCT-1,20043,10502
GTAGCTTCCTCTTGTT-1,11468,18053
GTAGGTGATCCGTGTA-1,7933,16605
GTAGTCGCGGGAATCA-1,16010,16888
GTAGTCTACGATATTG-1,19543,16305
GTAGTTCGAAGGCGAA-1,20043,10792
GTATAGGACTCAGTAG-1,8688,13559
GTATCAAACGTTAGCT-1,17527,19208
GTATCAGCTTGGGTTC-1,8685,10077
GTATCCTTTGGTAACC-1,19798,18480
GTATCTCAGTCTTGAC-1,18274,8328
GTATCTTTCATAACCA-1,15251,14713
GTATGAAATTTCACTC-1,16760,8329
GTATGTGGGTCTAGTT-1,13235,18486
GTATTAAGGCGTCTAA-1,8684,8917
GTATTCTGAGAAACGA-1,15752,10651
GTCAAAGAAGTGGTGT-1,17769,7748
GTCAAAGTTTACATAG-1,6917,9354
GTCAAGCGGACTCGGG-1,13486,16310
GTCACAAAGTTTCCAA-1,5912,13996
GTCACTCTCCAAATCT-1,9442,9641
GTCAGAATAGTCTATG-1,11208,9785
GTCAGTTGTGCTCGTT-1,5913,15447
GTCAGTTTGGTAGTCG-1,10954,7029
GTCATGCACCTCCGTT-1,10960,13992
GTCATGGACATGACTA-1,10203,14137
GTCATTAGAGCGAACG-1,12980,14860
GTCATTGCATTGACCC-1,11459,7609
GTCCAATATTTAGCCT-1,20045,12823
GTCCATTACTGCTACG-1,14247,20516
GTCCCAACGTAAAGTA-1,11971,15731
GTCCGGACCTGAAATT-1,17273,17902
GTCCGGCTGAATTGCG-1,10706,12686
GTCCGGGTTCACATTA-1,21057,15433
GTCCTACGAATAGTCT-1,17021,18338
GTCCTTCTAGTGGGTT-1,6167,17042
GTCGCGTAACCCGTTG-1,13486,16020
GTCGGATATCTCAGAC-1,11714,10365
GTCGGATGTAGCGCGC-1,7933,16315
GTCGTACCATCTCGGG-1,15251,14133
GTCGTACCTACGATTG-1,12972,6447
GTCGTATTGGCGTACA-1,8440,18926
GTCGTGTCTGGTCATC-1,10714,21100
GTCGTTATTCGCTTAT-1,15252,16164
GTCTACTCAATTACAA-1,12973,7027
GTCTATCTGAGTTTCT-1,13734,11233
GTCTATTGGTTCCGGT-1,16264,18193
GTCTGGGCGGTCGAGA-1,15248,11522
GTCTTAGTACAGCCGG-1,6671,16462
GTCTTGTAGCTATTCA-1,14752,21386
GTGAAACGGCGCCACC-1,9701,17909
GTGAAACGTGCTCCAC-1,6414,10515
GTGAACTCCCATTCGA-1,11218,20229
GTGAAGATTTCAAGTG-1,8946,20086
GTGACAGCTTCCCACT-1,19795,15869
GTGACCGCACACTACG-1,13488,18341
GTGACGAGGGTGACCC-1,11724,21679
GTGACGCAGGTTTCAT-1,20048,16014
GTGACTTCAGTAGTGC-1,15249,12392
GTGAGCGTGCTGCACT-1,11965,8769
GTGAGGACACTTAAGG-1,13991,16310
GTGAGGAGCGGTTGAG-1,6925,17767
GTGAGTGGTACAACGC-1,16764,13261
GTGATCACTAACGCCT-1,15508,19210
GTGATCATAGATCTGC-1,14998,13408
GTGATCCTTGTCATGA-1,19292,17320
GTGATTCGCCGCTCAA-1,15753,10941
GTGCAACAAATGTGGC-1,7174,14140
GTGCACCAGCTTCAAC-1,20297,12968
GTGCACGAAAGTGACT-1,7932,15445
GTGCCATCACACGGTG-1,14237,10072
GTGCCCGTTCGGATTC-1,13487,17471
GTGCCGCTTCAAAGGT-1,14744,11522
GTGCGAAATCGAACAC-1,14996,11377
GTGCGGGTCTCCAAAT-1,8688,13268
GTGCGTGTATATGAGC-1,13991,17180
GTGCTCAAGTACTGTC-1,12221,12685
GTGCTGCAGATAAGGA-1,12972,6157
GTGGAACCTACATGCG-1,7429,16896
GTGGACCAACCCGATT-1,14994,9346
GTGGACGCATTTGTCC-1,17775,14421
GTGGACGTGCTGAGAC-1,7928,10803
GTGGAGTCGGCGGTTG-1,17267,10650
GTGGCAAACAGCGGCA-1,16255,8040
GTGGCGGTCCCAGCGT-1,13731,8042
GTGGGAAGACTGAATC-1,14992,7316
GTGGGCTTAGACACAC-1,10957,10801
GTGGTGGCCAAGTGAA-1,15000,16599
GTGGTTACTTCTTTCG-1,11470,20374
GTGGTTTCCGCCTTTC-1,14237,9782
GTGTACCTTGGCTACG-1,10205,16458
GTGTCAGTGTACGTGG-1,20801,11227
GTGTCGTATAGCGTTC-1,17272,16162
GTGTGAATAACTTAGG-1,11972,17182
GTGTTACTATGCGTCC-1,13990,16020
GTTAAAGTAGGACTGG-1,16011,17178
GTTAACATCACTTAAA-1,17524,15726
GTTAACTATGTTGTCA-1,14500,21241
GTTAATGTCTATCTTA-1,11206,6884
GTTACAATTGGTGACG-1,12975,9928
GTTACCTACAACTTGC-1,15504,14858
GTTACTTTGGGCCTAG-1,14492,12538
GTTAGCCCATGACATC-1,20553,16014
GTTAGCCGTAAATCAA-1,11219,21099
GTTAGGCTACCCGTTT-1,17264,7168
GTTATAATACGGTGAA-1,17023,20659
GTTATATTATCTCCCT-1,15755,13262
GTTCACAGGAGTCTAG-1,11713,10075
GTTCATCGTTTGGCTG-1,11975,20373
GTTCCAGTCTGACCAT-1,7930,12834
GTTCGCCATAAGTGCC-1,12978,12829
GTTCGGATCGGGAACA-1,14752,21096
GTTCGGGCGTACCATT-1,11723,20809
GTTCGTCTAAAGAACT-1,16516,18048
GTTGAACCGGTTCCAT-1,14238,10943
GTTGAGTCCCGCCGGT-1,16767,16452
GTTGCACGGAGTTTCG-1,9696,12107
GTTGGATTCAGTGGCT-1,7683,19072
GTTGGATTGAGAACAC-1,11721,17907
GTTGGATTTGCGTTGG-1,12725,12395
GTTGGTCATGCTATCC-1,17522,14276
GTTGTCGTGTTAGTTG-1,7424,11964
GTTTACGTTCCATCTG-1,15756,14423
GTTTCATATCGTCGCT-1,13479,9058
GTTTCCTGGAGGGTGA-1,9949,12252
GTTTCTGCAGTCTCCC-1,13738,15585
GTTTGACCAAATCCTA-1,11212,13556
GTTTGGCCCAAGTTAT-1,14243,16745
GTTTGGCCGCTCAGCG-1,6665,9789
GTTTGGGCTTGTGAGC-1,16513,14567
GTTTGGGTTTCGCCCG-1,19545,18336
GTTTGGTAGGGTCAAC-1,17017,13696
GTTTGGTGATCGGTGC-1,20295,10647
TAAACCCAGGAGGGCA-1,17266,10360
TAAAGAGCCCGAAACC-1,6162,11820
TAAAGCGTTAGGAGAA-1,10711,17908
TAAAGCTGCAATAGGG-1,7936,19216
TAAATGAATCCGTTTC-1,9441,9351
TAACAAAGGGAGAAGC-1,8937,10222
TAACAATATTTGTTGC-1,10702,7465
TAACAGCGTTTGTGCT-1,19538,10503
TAACATACAATGTGGG-1,13233,15295
TAACATACACGCGATC-1,17517,8764
TAACCGCCCGCAGTGC-1,5910,12256
TAACCTACCGTCCGAG-1,11975,19793
TAACGCTTTGAGAGCG-1,10451,9350
TAACTATCGAAGGTCC-1,9694,10076
TAACTATTACGCCAAA-1,10966,20664
TAACTCATCCGCGCGG-1,14492,12248
TAACTCCATGGAGGCT-1,8431,9062
TAAGCAGGCGACACGC-1,12469,7898
TAAGGAACTTGTGGGA-1,7676,10949
TAAGGCAACATAAGAT-1,9952,15443
TAAGGCTGAATCCCTC-1,15003,19210
TAAGGGCCTGTCCGAT-1,18031,18917
TAAGGGCTGGGAGAGG-1,12216,7753
TAAGTAACATCTTGAC-1,15248,10942
TAAGTCGCCGAGTATC-1,17266,9779
TAAGTTGCGACGTAGG-1,17022,18918
TAATAAACAAGGAGAT-1,7935,18346
TAATACACAGTAGTAT-1,8689,14429
TAATAGAACAGAGTTA-1,16257,10651
TAATAGGTCACCAGAA-1,19031,8182
TAATAGTGACGACCAG-1,10458,17183
TAATATTGAAATTCGC-1,7929,11964
TAATCGATCCGTACGT-1,9954,18634
TAATTAGGACATCCGT-1,14247,20806
TACAAGTCTCGTGCAT-1,11460,9059
TACAGAAACGGTGGGC-1,18535,17466
TACATAGGCATACACC-1,13736,13844
TACATCCCTATCCCTG-1,14740,7171
TACATTTCTAACGTGC-1,13483,13119
TACCAATAAAGTACCA-1,17525,17177
TACCAGAAGTAGGTTC-1,16006,12537
TACCAGCTAGGTTTAA-1,6417,14576
TACCGCGGACTTGCAG-1,11974,19213
TACCGGCTCACTGCCC-1,15503,14568
TACCGGTCGTTTCCAT-1,14742,10072
TACCGTAGGTTAACTA-1,18531,13405
TACCGTGCCTCGGACC-1,16514,15147
TACCTCACGCTTGTAC-1,7678,13269
TACCTCAGTTGTCTGT-1,18783,12389
TACCTGCTGCACTGTG-1,10702,8335
TACCTTAAGATTTCCC-1,16004,9345
TACGAACACGACTTCA-1,11464,12831
TACGACGCTTGCTGCG-1,15250,12972
TACGACTGCCTCTTAG-1,14746,14714
TACGAGAACTTCACGT-1,12471,10799
TACGATGTTGATCATC-1,12471,10219
TACGCAGTTCTTTCCT-1,13987,12538
TACGCCATATTCTAAT-1,13736,13554
TACGCCGAGGGTACCC-1,17771,10069
TACGCCTCCATTCCGA-1,17522,13696
TACGCTATAGAAACCT-1,12227,20228
TACGGAAGCCAAACCA-1,21057,15723
TACGGGATGCTAGCAG-1,8944,17185
TACGTACTAGTGCTGA-1,19286,11228
TACGTGCACTATGCTG-1,8937,9932
TACGTTTACCGGCAAT-1,13732,9783
TACTCCTCTAGTTGAC-1,19790,10357
TACTCGGCACGCCGGG-1,12721,7463
TACTCTCCGAACAAAT-1,8943,16895
TACTGCAATCAATTAC-1,9198,19941
TACTGGACAGCTCGGC-1,12469,8768
TACTTGTTAGTAGTCC-1,12982,17761
TACTTTACTGAGCCGG-1,11217,19068
TACTTTCCGCACGCCA-1,15497,7895
TAGAAAGGTGGCGCTA-1,11467,16892
TAGAAATTCACGTATA-1,12720,6592
TAGAATTAAGGGCAAC-1,6166,16172
TAGACGAAACGCCAAT-1,19543,15725
TAGACGCCCGTACCGG-1,11721,18198
TAGACTACCTAGCGTT-1,13237,20227
TAGAGATCATGCAACT-1,14741,8911
TAGAGGTTCTACTTGT-1,17274,19063
TAGAGTCTAAGCGAAC-1,10959,13121
TAGATATGGACTGGAA-1,16007,12827
TAGATCCGAAGTCGCA-1,6166,15592
TAGATGGTTCCTTACT-1,18536,19207
TAGATTCCTGGTTATT-1,11712,8044
TAGCAACCTGTCACAA-1,9189,8916
TAGCCATTTCAAAGTC-1,14497,18050
TAGCCGGCGGTCAGCG-1,11973,17472
TAGCGTCCCTCGATTG-1,15004,20951
TAGCGTTGGGTCTTAC-1,13232,15005
TAGCTAAGTCCGGGAG-1,10959,13412
TAGCTAGAAGGCATGA-1,16511,12536
TAGCTCGCCTGATAAC-1,16260,13552
TAGCTGATGTGAAGCG-1,14234,6591
TAGGCATGTTACGCCA-1,9449,17474
TAGGGAGCTTGGGATG-1,12731,19067
TAGGGTGTTTCAAGAG-1,9192,12978
TAGGTCCAAGTAAGGA-1,10955,8480
TAGGTCGCCGGAACTG-1,11722,19648
TAGGTGACGATAACCT-1,19039,16595
TAGGTGAGCCCTACTC-1,10956,9930
TAGGTGCTCGCCTAGC-1,13739,17616
TAGGTTCGAGTTCGTC-1,12475,14861
TAGTACCTTAGTGGTC-1,8935,8191
TAGTAGCTTATACCAG-1,19034,11373
TAGTCCGCAGAGAATG-1,13483,12829
TAGTCGATCACGGGTT-1,15760,19064
TAGTCTAACAACGAGA-1,13733,10073
TAGTCTGTGACGTTGC-1,9451,20085
TAGTGCCCTCCAGAGT-1,11716,12686
TAGTTAAGATAGGATA-1,6672,17042
TAGTTTATTCTTGCTT-1,6921,13415
TATAAATCCACAAGCT-1,8686,11528
TATAAGTGAGGATAGC-1,8938,10802
TATACACAGACGCCTT-1,16260,13842
TATACACGCAAAGTAT-1,8180,10368
TATAGAGTCGCTTGAA-1,19792,11808
TATAGATGGTCGCAGT-1,13742,19936
TATAGGGTACTCATGA-1,12721,8043
TATATAGGGCTTTACG-1,19538,9922
TATATATCGAGAAATG-1,18780,9198
TATATTCGCGTCGATA-1,5660,14142
TATCACCCAACCGACC-1,9703,19650
TATCACTTCGAGTAAC-1,7936,19506
TATCCATATCATGCGA-1,8182,12689
TATCCGCACCGTCGGG-1,18531,12824
TATCCTATCAACTGGT-1,21055,13693
TATCCTGCATGGGAAT-1,7173,12980
TATCGATCTATGCATA-1,9197,17910
TATCGATGATTAAACG-1,9444,12252
TATCTACAGAGGTAAT-1,11207,8624
TATCTACCACAGCGGG-1,14241,13844
TATCTAGCCTAAAGGA-1,12215,6883
TATCTTGCAATACAAC-1,17769,7458
TATGAAGACAGGTGCG-1,10955,8190
TATGATCTTCTCTTTA-1,18283,18192
TATGCTCCCTACTTAC-1,9950,13993
TATGGATGTGCTACGC-1,10202,12977
TATGGCCCGGCCTCGC-1,11208,9495
TATGGGACCGAGCAGG-1,12726,13265
TATGGGTACGTATCGT-1,11717,13556
TATGGTCTGAGTAACA-1,12726,13555
TATGGTTAGTGGGAGA-1,13994,20371
TATGTAAAGTGCTTAA-1,20296,11517
TATGTCAAGACCGACT-1,8692,18490
TATGTCTCATTGTGCC-1,11215,17038
TATTATGTTTGCCTGC-1,18021,7603
TATTCAATTCTAATCC-1,12224,15876
TATTCCACTCAGCTCG-1,16007,13407
TATTCCTCCGCCCACT-1,15752,9781
TATTCGTGCCAGAATA-1,12222,14426
TATTTAGTCTAGATCG-1,8183,13559
TATTTATACCGAGTAG-1,7681,16461
TATTTGTTACCCTTTA-1,9696,11817
TCAAACAACCGCGTCG-1,9698,13848
TCAAACTTAGATTGTT-1,11465,14571
TCAACAAAGATAATTC-1,17013,9345
TCAACACATTGGGTAA-1,6413,10224
TCAACATAGCGCCCTA-1,18277,11519
TCAACCATGTTCGGGC-1,9949,12542
TCAACGCAGGAAATAA-1,16004,9636
TCAACGCGACCGGCAG-1,13479,8477
TCAACTAACGTATAAC-1,11459,7899
TCAAGAAATACTAGCT-1,12228,20808
TCAAGGTTACTACACC-1,15508,20080
TCAATACGCCGTCATG-1,19541,13984
TCACAAACCGAGGTAC-1,19041,18916
TCACAGCAAACTCGAA-1,16511,12246
TCACAGGGAATCGCAA-1,15505,16599
TCACAGGTTATTGGGC-1,11715,12105
TCACATCTTATCTGAT-1,10702,8045
TCACCCTCTTAAGATT-1,14998,13698
TCACCGCTCGGCACTC-1,11216,18488
TCACGATGTCCGTGGA-1,16761,9200
TCACGCATTGTAGATC-1,11968,12250
TCACGGTCATCGCACA-1,9443,11672
TCACGTGCCCGATTCA-1,13232,14135
TCACTCGTGCAACGGC-1,7431,18637
TCAGAACCTCCACAGG-1,11218,20519
TCAGACGCTATAGAAG-1,15757,15583
TCAGCAAATGCATCTC-1,11466,15732
TCAGCAGTAGGCCCTG-1,19034,11083
TCAGGGTGTAACGTAA-1,10709,15588
TCAGGTTCTTTGAGAA-1,11210,11235
TCAGTACTGACCCGCG-1,10199,10076
TCAGTAGGGACTATAA-1,15249,12102
TCAGTGTATACGTCAT-1,18276,10359
TCATACTTACAGATCC-1,9188,8626
TCATATGAGCTTTGTT-1,19794,14129
TCATCACTCGAGCTCG-1,7927,9353
TCATCCCAGAGGGTGG-1,6670,15301
TCATCGATGGTCCCAA-1,18023,9344
TCATGCAGGTTCTCAT-1,8187,17330
TCCAACTTTAAATTCT-1,13733,10943
TCCAAGCCTAGACACA-1,20553,16594
TCCACAATGGTTTACG-1,11209,10365
TCCACATCGTATATTG-1,21056,14853
TCCACCTCTAGCCTTT-1,19035,12824
TCCACTTTATCTAGGT-1,11467,16602
TCCAGAGCACCGGTTC-1,13737,15295
TCCAGGCGAGTACGGT-1,11464,13411
TCCCAAAGACGAAGGA-1,10203,13847
TCCCACTCTCTTCCGG-1,11471,20664
TCCCAGCTTTAGTCTG-1,12221,13265
TCCCAGGCTTAGCTAA-1,11211,12106
TCCCGCGTACTCCTGG-1,10456,15153
TCCCGGGTGTGCTGCT-1,12218,10074
TCCCGTCAGTCCCGCA-1,9447,16024
TCCCGTGTGCAATTTG-1,14748,16744
TCCCTGGCGTATTAAC-1,18274,7748
TCCCTGGCTCGCTGGA-1,11965,9059
TCCCTTAGATTACTCG-1,8187,17621
TCCGAACTTGGCTTAC-1,11964,7899
TCCGAATGGTCCTGAG-1,11471,21534
TCCGATAATTGCCATA-1,8184,14429
TCCGATGACTGAGCTC-1,9195,16169
TCCGATGGTGCGACAT-1,9949,12832
TCCGATTACATTGCCG-1,11713,9784
TCCGCGGCAGCATCTG-1,12225,17327
TCCGCTGTCATCCCGG-1,15506,16889
TCCGCTTATCCCATTA-1,16260,14422
TCCGGCCTAGCGTACA-1,10712,19359
TCCGGTTCGTCCGGTC-1,16511,12826
TCCGTTAAGCTAATAT-1,16770,19644
TCCGTTTAGCCTTGAA-1,10964,18053
TCCTAAATTGGGAAGC-1,17776,15291
TCCTAACCGTCGGGCA-1,19287,11808
TCCTACATCCACGGCC-1,15254,17324
TCCTAGCAAAGAAGCT-1,13986,11088
TCCTCGGGCTGGGCTT-1,13738,16165
TCCTCTACGAGATGGC-1,10199,9786
TCCTCTCCAGTTGTCC-1,11207,8044
TCCTGCCAACTGGAGA-1,6673,18202
TCCTGCGTTGATACTC-1,13227,9493
TCCTTACGACGGTCCG-1,16012,18919
TCCTTCAGTGGTCGAA-1,7427,15155
TCCTTGTCCTTTAATT-1,21057,15143
TCCTTTAAATCCGCTT-1,17779,18482
TCCTTTCTTACGCTTA-1,11212,14137
TCGAAATTTAGGACCA-1,10958,11671
TCGAAGAACCGAGCAC-1,15003,19500
TCGAATATCCCGCAGG-1,18275,9779
TCGAGACCAACACCGT-1,12978,13120
TCGAGCCAGGCAGGCC-1,18024,10504
TCGATAGGCTAGTCGC-1,5658,12111
TCGCAAAGATGCATTT-1,15505,16018
TCGCACCAGGAGGCAG-1,16263,16743
TCGCATCCCTAAGTGT-1,7422,9643
TCGCCGAAGTTGCGTC-1,14995,10507
TCGCCGACATATTCGC-1,20302,17610
TCGCCGGTCGATCCGT-1,8436,13994
TCGCGTAGCAGTGTCC-1,18032,19497
TCGCGTCCAGAAGGTC-1,11460,9350
TCGCTAAACCGCTATC-1,8440,18055
TCGCTACTGGCTTTGA-1,20048,15724
TCGCTCGATATATTCC-1,10960,14282
TCGCTCGGCACCAGCG-1,9704,20810
TCGCTGCCAATGCTGT-1,20806,16739
TCGCTGGGCGGATTGT-1,10709,15878
TCGCTGTGCGTAAATC-1,7929,11093
TCGCTTTAAACGTTTG-1,9954,17764
TCGGAATGCGCTCTGA-1,11208,9205
TCGGACGCCCAGCCCA-1,11972,16602
TCGGAGAGTATCGGGA-1,14993,8476
TCGGAGTACATGAGTA-1,11719,15877
TCGGCGAACCCAAACC-1,16013,20370
TCGGCGTACTGCACAA-1,16001,7025
TCGGCTTGTATCGACG-1,18284,19062
TCGGGAACGTGCCTAG-1,11471,20954
TCGGGAGACAGCGTAC-1,18533,15435
TCGGGATTCAAACATA-1,13478,7317
TCGGGCCGTCGTGGTA-1,13740,17906
TCGGGTGAAACTGCTA-1,6164,13271
TCGGTCCCGACAATAG-1,18022,8473
TCGTAAGACGACATTG-1,10457,16313
TCGTACCGACGTCAAG-1,20803,13258
TCGTATAGTGCAATTA-1,6668,13270
TCGTATTACCCATTGC-1,12974,8768
TCGTCAAGTACGCGCA-1,17771,10649
TCGTCCGCTGGCGTCT-1,9190,10947
TCGTCTTAGGCGTTAA-1,17020,17177
TCGTGTACTATGGATG-1,15505,16308
TCGTGTCACGCTGACA-1,14488,8476
TCGTTAGGAGTCCCTA-1,16764,12971
TCGTTCGTTATTATGT-1,6164,14141
TCGTTGCTATCCGGTC-1,17268,11810
TCTAATACTGCCTCAG-1,18022,8763
TCTACCGTCCACAAGC-1,10456,14862
TCTAGCAATCTCCGCC-1,15246,9491
TCTAGCATCTTCGATG-1,9443,11382
TCTAGCATGCCCAGAA-1,15756,14713
TCTAGGTGGCGACGCT-1,10965,19504
TCTAGTGATATCGTGG-1,14751,19355
TCTATCATGCAGTTAC-1,8181,10948
TCTATCGGTCGCAACA-1,9193,14428
TCTATTACGCTGGCGA-1,7170,10079
TCTATTACTAGAGGAT-1,13983,7317
TCTCATGAGATAGGGT-1,16011,17759
TCTCCACAAGTTGAAT-1,19041,18626
TCTCGACGTATCGCCG-1,15005,21531
TCTCTAATAGCTGGTA-1,8687,12688
TCTCTTACCGCGAACC-1,20044,11373
TCTGAACCGGTCGGCT-1,8938,10512
TCTGAACTCGTACCCG-1,15507,18919
TCTGAATTCCGTACAA-1,12226,18777
TCTGCCAGAAACTGCA-1,13991,16600
TCTGGGTAGCGCTCAT-1,13733,10363
TCTGTCATACAAGAGC-1,6162,11530
TCTGTGCCATCATAGT-1,11720,16747
TCTGTTACCCAGCATA-1,16509,10215
TCTTACAGAGGTACCG-1,7424,11674
TCTTACCGGAACTCGT-1,8945,18345
TCTTACGGCATCCGAC-1,9946,9351
TCTTACTTATGCCTCT-1,15002,18630
TCTTAGAGCTCCAATT-1,13742,20807
TCTTAGAGTGAACTCT-1,14498,19501
TCTTCCCATGGGCACA-1,11722,19068
TCTTCGAATAGACGTT-1,13485,15440
TCTTCGATACCAATAA-1,11718,14716
TCTTCTATAACCCGCC-1,15004,20661
TCTTGATGCGTAGCGA-1,11718,15006
TCTTGCTCCCGATACT-1,20047,14854
TCTTGGTAACACCAAA-1,8941,14574
TGAAACTTATGCAAGC-1,6418,15736
TGAAAGGACCTGACTC-1,12477,17182
TGAACAAGCAGGGACT-1,20295,10357
TGAATACCGACGCGTA-1,20301,17029
TGAATGTCAGCCGGCC-1,15509,20950
TGACATCGAGCGGACC-1,12479,19793
TGACATGTAACGTGAC-1,21056,14273
TGACCAAATCTTAAAC-1,20299,14128
TGACCCACGTTAGACA-1,11968,11960
TGACGAATATTTCCCT-1,14741,8331
TGACGATGCACTAGAA-1,12983,18922
TGACTATAATCCTTTC-1,15251,15003
TGAGAATGCTTTACCG-1,8183,12979
TGAGAGATTTACCACG-1,13992,18341
TGAGATCAAATACTCA-1,5407,14287
TGAGATTAGGCCCTAA-1,7683,18781
TGAGCCATACAGTCTC-1,14238,10653
TGAGCGGAAAGTGTTC-1,17523,14566
TGAGTAAATTAGCGTA-1,15502,13407
TGAGTGCCTCTTAAAT-1,14996,11087
TGAGTGGTCCGTGACG-1,11215,17328
TGAGTTAAAGACATTC-1,15762,21385
TGATAGCGGGATTCTA-1,10701,6884
TGATCAGGGAACTGCT-1,14236,8622
TGATCCCAGCATTAGT-1,10461,20665
TGATCGGTTTGACCCT-1,10707,12977
TGATCTACGCTGATCT-1,7684,19652
TGATCTCCGGCGCCAG-1,10706,12396
TGATTCCCGGTTACCT-1,19792,12388
TGATTCGTCTATCACT-1,11462,11090
TGATTCTGTCGCCGGT-1,15753,11521
TGATTTATTAGCTGTG-1,13228,10073
TGATTTCCTCCTGACG-1,7675,10078
TGCAACCCATCTGCGG-1,18788,18191
TGCAAGAATGACGTAA-1,11212,13846
TGCAATCTAACACGGT-1,19293,18191
TGCAGAACTATATCGT-1,14236,8332
TGCAGAGTACCGAGCA-1,13229,11814
TGCAGATCGTCCTAGG-1,14235,7751
TGCAGCTACGTACTTC-1,14235,7461
TGCAGGATCGGCAAAG-1,9700,15879
TGCAGTTTCCTCCCAT-1,13740,18196
TGCATATGTCTGTCAC-1,12477,17472
TGCATGGATCGGATCT-1,8437,14864
TGCATGTGACCCATAG-1,20800,10647
TGCATGTGGTAATCTA-1,10962,16893
TGCCAAAGTCAGACTT-1,14488,7896
TGCCAATGGGTACTCT-1,17269,12681
TGCCACCTGGCGAAAC-1,8690,16170
TGCCAGTACGTGGAGA-1,16514,15437
TGCCATTACTAAAGAA-1,8944,17765
TGCCCGTACCGTTAAA-1,15000,16019
TGCCGGATGTACGAGC-1,19285,10068
TGCCTAATTGAAGATT-1,17528,20368
TGCCTGATCAAACGAT-1,8689,15299
TGCCTTGGCCAGGCAA-1,16768,17033
TGCGAATATGGGATTT-1,14992,7025
TGCGACACCCTAGTGC-1,15249,11812
TGCGACGGCCGAACGT-1,18780,9778
TGCGAGAATATTACCC-1,16257,10941
TGCGCAAAGCATTTGG-1,11465,14862
TGCGCGATTAACGGAG-1,10452,11091
TGCGGACTTGACTCCG-1,20805,16159
TGCGGAGTAAAGGTGC-1,9194,15299
TGCGGCATAGTTCAAC-1,6668,12980
TGCGGTGAAATTTCAT-1,6670,14721
TGCGTAAGAACCTGAT-1,14491,11378
TGCGTCATGACTGAGC-1,17012,8184
TGCGTTTGTTGACACT-1,14243,16165
TGCTAAGTGTCTATTT-1,16769,18193
TGCTCCACAGTTCTTA-1,15003,18920
TGCTCGGTGGGTCACC-1,20300,15579
TGCTCTTGAGAGTTTG-1,19795,15289
TGCTGGTTGGACAATT-1,8938,11092
TGCTGTTGAAGAACTC-1,13232,14715
TGCTTAGAGAGAATGC-1,19284,8907
TGCTTCCCAAGCAGTA-1,19289,14709
TGGAACCACTGACACA-1,9703,19940
TGGAAGAAGGGAACGT-1,13480,10218
TGGAAGACGAACACCA-1,7172,11819
TGGAAGGATAAAGATG-1,8689,15009
TGGAATATCCTTGACC-1,9451,20666
TGGACCAATCTAAGAT-1,19291,16740
TGGACGCAATCCAGCC-1,18274,8038
TGGACTGTTCGCTCAA-1,12981,15731
TGGAGTGATGCGATGA-1,10957,11091
TGGCAAACTAAATTAC-1,16262,16453
TGGCAACTCGCGCGCC-1,9196,17620
TGGCAATGGGACGGCG-1,17276,20513
TGGCAGATTACGATCA-1,14745,13553
TGGCAGCAGTAATAGT-1,13484,13989
TGGCCAAACTGAAGTA-1,10709,16168
TGGCCAATTTGGTACT-1,16001,6734
TGGCCGTATATTGACC-1,10200,10656
TGGCGATCAAGTTATG-1,16512,13116
TGGCTATGTGACATAC-1,18787,17031
TGGCTCTTGTCGCGTA-1,14235,6881
TGGCTTTGGGTAGACA-1,8435,12543
TGGGAAATGCCTTTCC-1,9441,9061
TGGGCAATAGTTGGGT-1,15257,20805
TGGGCACAAACAGAAC-1,5658,11821
TGGGCACGTTCTATGG-1,7428,15736
TGGGCCACAAGAGCGC-1,8185,15590
TGGGCCCATACTAATT-1,15507,18049
TGGGCGATACAATAAG-1,20803,14128
TGGGTAAGGTTCCCGC-1,6924,16606
TGGTAAGCAGGATTGA-1,13982,6736
TGGTAGAATATATGGG-1,15760,19644
TGGTATCGCATCCCAA-1,5660,15012
TGGTATCGGTCTGTAT-1,5407,13707
TGGTCCCACGCTACGG-1,16767,15872
TGGTCTGTTGGGCGTA-1,12975,9348
TGGTGATCGTATTTGT-1,10197,7465
TGGTTCAACGGGTAAT-1,16262,15873
TGGTTCGTAGCAAAGG-1,9445,13123
TGTAATGACCACAATA-1,12720,7173
TGTACCTACACGAGGG-1,18536,18336
TGTACGAACAAATCCG-1,13231,13555
TGTAGGAGAAATTTCC-1,12225,17617
TGTAGTGATCTATAAT-1,12471,9929
TGTATAACAGATCCTG-1,10962,16603
TGTATCCTTATTCCAT-1,6163,12400
TGTATGGCGCAGACAG-1,14498,18630
TGTCCCGACATAGCAC-1,6416,13416
TGTCCGTGGCGCCTTT-1,11207,7754
TGTCCTAAGTCACCGC-1,12218,9494
TGTCTACAGTTTCTGT-1,6416,12835
TGTGACTACGCCAGTC-1,8942,15734
TGTGCCGGTGCCGGAA-1,17022,19208
TGTGCTTTACGTAAGA-1,12721,7753
TGTGGCAAAGCGTATG-1,10963,17763
TGTGGCGGGCTTCTGG-1,20046,13693
TGTGGTTGCTAAAGCT-1,20044,12243
TGTGTCGCGAGTTGCA-1,9695,10367
TGTGTTCGTATCCAAG-1,11459,8189
TGTTATTGTATGTGGC-1,14749,17615
TGTTCCGCTTCCATGA-1,12724,11524
TGTTCGTATTGCGGTG-1,16008,13987
TGTTCTTCCATTGACT-1,11967,11380
TGTTGTCAAGAAGTCT-1,9701,17039
TGTTTAATACTTCATC-1,5914,16317
TGTTTCGGTACTTCTC-1,8183,13269
TTAAACCTGGTTCCTT-1,10196,6885
TTAAACTCGAATTCAT-1,11469,18923
TTAACACCTCGAACAT-1,9693,8336
TTAACCAACCCTCCCT-1,8435,13124
TTAACGTCGCAAGACC-1,6163,12981
TTAACTTCAGGTAGGA-1,15246,8911
TTAAGATAGGATTGAC-1,14499,19791
TTAAGCCGACAACTTC-1,6924,16316
TTAAGCGCCTGACCCA-1,11210,11526
TTAAGGCCCGTACTTT-1,18527,8763
TTAATGTAGACCAGGT-1,11213,15007
TTAATTGCTTTGGGTG-1,19291,16160
TTAATTTCAGACGCGG-1,7932,15155
TTACAACTACGCATCC-1,9697,12687
TTACAGACCTAAATGA-1,10207,19069
TTACATCGTGGCCTGG-1,8685,10367
TTACATGCCACAACTA-1,13994,20081
TTACCATTGATTACCC-1,12217,9204
TTACCCATTGCCGGGT-1,7934,17476
TTACCCTAACAGTCCT-1,9693,8626
TTACCCTAGGGATTGG-1,18784,13549
TTACTAAAGGACTTTA-1,15758,16453
TTACTATCGGCTTCTC-1,12216,7463
TTACTCCGGCCGGGAA-1,12224,16456
TTACTCTGGTACGTAC-1,14489,9637
TTACTGGGATATTTCA-1,14745,12973
TTAGAAGAACATGACT-1,16765,14422
TTAGAATAAGGGTCGG-1,19034,11664
TTAGACACGATCGTTG-1,7682,17621
TTAGACGAGTCACCTC-1,15758,16743
TTAGAGTTTAGAAGGA-1,15254,17614
TTAGCAACATGGATGT-1,8684,9207
TTAGCTAATACGATCT-1,9198,19360
TTAGCTCTGTAATCCG-1,11459,7319
TTAGCTGATTTGCCGT-1,13236,18776
TTAGGTCATAACCGAC-1,18276,10649
TTAGTAAACCTGCTCT-1,19293,18771
TTAGTAGGGCGGCGGG-1,12217,8914
TTAGTTATTCGTGGCA-1,15507,18339
TTATAGGTAATTGTCT-1,19038,15725
TTATATACGCTGTCAC-1,13233,15875
TTATATTTGGCAATCC-1,10203,14428
TTATCCAATCGAACTC-1,6918,9934
TTATCCGGGATCTATA-1,16516,17758
TTATCCTCAAGGAATA-1,16759,7749
TTATCGCCTGCGAAGC-1,10449,7610
TTATCTGTATCATAAC-1,9193,13848
TTATGAATGAAAGGGA-1,13989,14279
TTATGACAAACTGGAT-1,10452,10221
TTATGATCTTAACGAA-1,13234,17036
TTATTAGAGCGTGTTC-1,15252,15293
TTATTAGGGAAGCATC-1,7426,13705
TTCAAAGTCTCTAGCC-1,12476,16021
TTCAACGACCCGACCG-1,8687,12108
TTCAAGCCGAGCTGAG-1,6923,16026
TTCAATACTCTGAATC-1,13235,17616
TTCACTCGAGCACCTA-1,17523,15146
TTCACTTCCTAGAACG-1,20549,12533
TTCAGCCCTGGTCCAC-1,15506,17469
TTCAGCTGGCGTGCCC-1,17527,18918
TTCAGGCGTCAAAGCC-1,13730,7462
TTCATGGCGCAACAGG-1,8438,16025
TTCCAATCAGAGCTAG-1,9450,18925
TTCCAATCTGGCTATC-1,15753,11812
TTCCACACAGATTTGA-1,16258,11811
TTCCAGACGAGATTTA-1,13490,21242
TTCCCGGCGCCAATAG-1,15244,6880
TTCCGCAGAGAAATAT-1,8946,19796
TTCCGCGTGAGGCGAT-1,15251,14423
TTCCGGCCTTGAGGCT-1,17267,11520
TTCCGGTATCTGTGTC-1,13996,21822
TTCCGGTTACCCACTT-1,15002,17759
TTCCTCGAGGGTGTCT-1,8939,12253
TTCCTCGGACTAACCA-1,16263,17613
TTCCTCTGCCCGAATA-1,12468,7318
TTCGACAGAGCCCGTG-1,16766,15002
TTCGACGGGAAGGGCG-1,9696,11527
TTCGCACTCGCGTGCT-1,9948,11672
TTCGCACTGTACGACA-1,19036,13694
TTCGCGCGCCATACGA-1,18530,11954
TTCGCTATCTGACGTG-1,8693,19651
TTCGGCAACCCGCTGA-1,7682,17911
TTCGGCTAGAGATGGT-1,8179,8627
TTCGGGACTAATCGCG-1,12728,15586
TTCGGGCGCTAGTCTT-1,17519,10505
TTCGGTACTGTAGAGG-1,20551,14273
TTCGTAATCCCAGCGG-1,6672,17622
TTCGTACTCCAGAACG-1,10956,9350
TTCGTTCAACGAAGTT-1,9451,20375
TTCTAACCGAAGCTTA-1,12226,18197
TTCTACTTGCGAGGGC-1,9189,9787
TTCTAGAAAGTCTTAT-1,18782,11809
TTCTAGGCCAATTGTG-1,9191,11527
TTCTGCCGCGCCTAGA-1,16009,15148
TTCTGCGAGCGCCCTT-1,11964,7608
TTCTGCGGGTTAGCGG-1,13739,16745
TTCTGCTAGACTCCAA-1,10713,20519
TTCTTAGTGAACGGTG-1,8180,10078
TTCTTAGTGGCTCAGA-1,7931,13994
TTCTTGAGCCGCGCTA-1,15500,11087
TTCTTGGACGATCTGC-1,16761,9780
TTCTTGGAGTAATGAG-1,8943,16605
TTCTTGTAACCTAATG-1,9442,10222
TTCTTTGGTCGCGACG-1,9703,20230
TTGAACGAATCCTTTG-1,8431,8192
TTGAACGACGTGCTGA-1,18788,17901
TTGAAGAATTCCCAGG-1,11716,12395
TTGAATATGGACTTTC-1,12224,16166
TTGAATCGTTGTATAA-1,15749,6590
TTGACAGGAGCTCCCG-1,15508,19500
TTGACATGAACGTGGA-1,14742,9782
TTGACCAGGAACAACT-1,19796,16740
TTGACCATGTTCTCCG-1,9700,16459
TTGACCGTGTTAATGA-1,16257,10070
TTGACGATTCAGCACG-1,5911,12546
TTGACGCTCCATGAGC-1,13994,19791
TTGACTACCATATGGT-1,14491,11087
TTGACTATTGTCCGGC-1,15256,20225
TTGAGAGTACTGCTAA-1,14743,10652
TTGATCTAACTTTGTC-1,10958,11961
TTGATGTGTAGTCCCG-1,9702,18199
TTGATTAGCTGTTTCT-1,15752,10071
TTGATTATGCAGATGA-1,10451,9931
TTGCACAATTCAGAAA-1,14493,13408
TTGCACGGAGCAGCAC-1,8940,13703
TTGCATGCTGATCACG-1,13985,10218
TTGCCAAGCAGAACCC-1,14753,21676
TTGCCATAGCCCGCTC-1,17265,8619
TTGCCCTGATCACGGG-1,12723,10074
TTGCCGCTTTCTAGTA-1,19291,16450
TTGCGGCATCAGAAAG-1,17015,11665
TTGCGTCGGCCAACCG-1,16510,11086
TTGCGTGAACGCTTAG-1,7179,19072
TTGCTCCCATACCGGA-1,9195,15589
TTGCTGAAGGAACCAC-1,8435,13414
TTGCTGATCATGTTCG-1,11969,13411
TTGGAAGAATACAGTC-1,16255,8620
TTGGACATGTGGCTTA-1,13984,9347
TTGGACCATCTGGCAA-1,16518,20369
TTGGACCTATAACAGT-1,17778,17612
TTGGAGTCTCCCTTCT-1,5657,11531
TTGGATATCGTCTACG-1,15754,12682
TTGGATCGACTTCTGG-1,6164,13851
TTGGATTGGGTACCAC-1,7930,13124
TTGGCCTAGAATTTCG-1,7681,17041
TTGGCTCGCATGAGAC-1,9442,10512
TTGGGAAGACGAGCCG-1,20804,14418
TTGGGACACTGCCCGC-1,10709,15297
TTGGGACGTAAGAGTT-1,16519,20949
TTGGGCGGCGGTTGCC-1,11214,16167
TTGGTCACACTCGTAA-1,15754,12102
TTGGTTGCGGTGCGCG-1,17012,8474
TTGTAAGGACCTAAGT-1,15247,9781
TTGTAAGGCCAGTTGG-1,10458,16893
TTGTAATCCGTACTCG-1,12473,13120
TTGTATCACACAGAAT-1,6671,15881
TTGTCGTTCAGTTACC-1,9193,13558
TTGTGAACCTAATCCG-1,17778,18192
TTGTGAGGCATGACGC-1,14487,7026
TTGTGCAGCCACGTCA-1,18786,15870
TTGTGGCCCTGACAGT-1,8183,13849
TTGTGGTAGGAGGGAT-1,16256,9200
TTGTGTATGCCACCAA-1,17774,13841
TTGTGTTTCCCGAAAG-1,16512,13697
TTGTTAGCAAATTCGA-1,9191,11237
TTGTTCAGTGTGCTAC-1,9698,14428
TTGTTGTGTGTCAAGA-1,11467,16312
TTGTTTCACATCCAGG-1,18277,11229
TTGTTTCATTAGTCTA-1,18780,9488
TTGTTTCCATACAACT-1,14994,9056
